[{"model": "admin.logentry", "pk": 1, "fields": {"action_time": "2021-11-25T18:49:16.635Z", "user": 1, "content_type": 7, "object_id": "1", "object_repr": "footconnect.example.com", "action_flag": 2, "change_message": "[{\"changed\": {\"fields\": [\"Domain name\", \"Display name\"]}}]"}}, {"model": "admin.logentry", "pk": 2, "fields": {"action_time": "2021-11-25T19:14:22.348Z", "user": 1, "content_type": 8, "object_id": "1", "object_repr": "mattburrellmusic@gmail.com", "action_flag": 1, "change_message": "[{\"added\": {}}]"}}, {"model": "admin.logentry", "pk": 3, "fields": {"action_time": "2021-11-30T19:21:58.689Z", "user": 1, "content_type": 13, "object_id": "7", "object_repr": "Nike Air Force 1 Low", "action_flag": 2, "change_message": "[{\"changed\": {\"fields\": [\"Gender\", \"Image\"]}}]"}}, {"model": "admin.logentry", "pk": 4, "fields": {"action_time": "2021-11-30T20:38:44.479Z", "user": 1, "content_type": 13, "object_id": "6", "object_repr": "Nike Air Force 1", "action_flag": 2, "change_message": "[{\"changed\": {\"fields\": [\"Gender\", \"Description\", \"Image\"]}}]"}}, {"model": "admin.logentry", "pk": 5, "fields": {"action_time": "2021-11-30T20:39:20.508Z", "user": 1, "content_type": 13, "object_id": "6", "object_repr": "Nike Air Force 1", "action_flag": 2, "change_message": "[]"}}, {"model": "admin.logentry", "pk": 6, "fields": {"action_time": "2021-11-30T20:40:19.066Z", "user": 1, "content_type": 13, "object_id": "6", "object_repr": "Nike Air Force 1", "action_flag": 2, "change_message": "[{\"changed\": {\"fields\": [\"Image\"]}}]"}}, {"model": "admin.logentry", "pk": 7, "fields": {"action_time": "2021-11-30T20:41:03.431Z", "user": 1, "content_type": 13, "object_id": "6", "object_repr": "Nike Air Force 1", "action_flag": 2, "change_message": "[{\"changed\": {\"fields\": [\"Image\"]}}]"}}, {"model": "admin.logentry", "pk": 8, "fields": {"action_time": "2021-11-30T20:41:05.264Z", "user": 1, "content_type": 13, "object_id": "6", "object_repr": "Nike Air Force 1", "action_flag": 2, "change_message": "[]"}}, {"model": "admin.logentry", "pk": 9, "fields": {"action_time": "2021-11-30T20:42:26.207Z", "user": 1, "content_type": 13, "object_id": "8", "object_repr": "Air Jordan 6", "action_flag": 2, "change_message": "[{\"changed\": {\"fields\": [\"Name\", \"Gender\", \"Image\"]}}]"}}, {"model": "admin.logentry", "pk": 10, "fields": {"action_time": "2021-11-30T20:50:40.091Z", "user": 1, "content_type": 14, "object_id": "20", "object_repr": "womens_jeans", "action_flag": 1, "change_message": "[{\"added\": {}}]"}}, {"model": "admin.logentry", "pk": 11, "fields": {"action_time": "2021-11-30T20:51:22.201Z", "user": 1, "content_type": 13, "object_id": "88", "object_repr": "Blue Molly Mid Rise Skinny Jeans", "action_flag": 2, "change_message": "[{\"changed\": {\"fields\": [\"Category\", \"Image\"]}}]"}}, {"model": "admin.logentry", "pk": 12, "fields": {"action_time": "2021-11-30T20:51:26.594Z", "user": 1, "content_type": 13, "object_id": "88", "object_repr": "Blue Molly Mid Rise Skinny Jeans", "action_flag": 2, "change_message": "[]"}}, {"model": "admin.logentry", "pk": 13, "fields": {"action_time": "2021-11-30T20:54:45.125Z", "user": 1, "content_type": 13, "object_id": "89", "object_repr": "Beige Molly Mid Rise Skinny Jeans", "action_flag": 2, "change_message": "[{\"changed\": {\"fields\": [\"Category\"]}}]"}}, {"model": "admin.logentry", "pk": 14, "fields": {"action_time": "2021-11-30T20:55:21.711Z", "user": 1, "content_type": 13, "object_id": "90", "object_repr": "Blue Molly Mid Rise Skinny Jeans", "action_flag": 2, "change_message": "[{\"changed\": {\"fields\": [\"Category\"]}}]"}}, {"model": "admin.logentry", "pk": 15, "fields": {"action_time": "2021-11-30T20:55:53.768Z", "user": 1, "content_type": 13, "object_id": "91", "object_repr": "Black Molly Mid Rise Skinny Jeans", "action_flag": 2, "change_message": "[{\"changed\": {\"fields\": [\"Category\"]}}]"}}, {"model": "admin.logentry", "pk": 16, "fields": {"action_time": "2021-11-30T20:56:10.026Z", "user": 1, "content_type": 13, "object_id": "92", "object_repr": "Blue Molly Mid Rise Skinny Jeans", "action_flag": 2, "change_message": "[{\"changed\": {\"fields\": [\"Category\"]}}]"}}, {"model": "admin.logentry", "pk": 17, "fields": {"action_time": "2021-11-30T20:56:33.317Z", "user": 1, "content_type": 13, "object_id": "93", "object_repr": "Blue Molly Mid Rise Skinny Jeans", "action_flag": 2, "change_message": "[{\"changed\": {\"fields\": [\"Category\"]}}]"}}, {"model": "admin.logentry", "pk": 18, "fields": {"action_time": "2021-11-30T20:57:10.669Z", "user": 1, "content_type": 13, "object_id": "94", "object_repr": "Blue Molly Mid Rise Skinny Jeans", "action_flag": 2, "change_message": "[{\"changed\": {\"fields\": [\"Category\"]}}]"}}, {"model": "admin.logentry", "pk": 19, "fields": {"action_time": "2021-11-30T20:58:16.361Z", "user": 1, "content_type": 13, "object_id": "95", "object_repr": "Pink Molly Mid Rise Skinny Jeans", "action_flag": 2, "change_message": "[{\"changed\": {\"fields\": [\"Category\", \"Description\"]}}]"}}, {"model": "admin.logentry", "pk": 20, "fields": {"action_time": "2021-11-30T20:58:57.593Z", "user": 1, "content_type": 13, "object_id": "96", "object_repr": "Blue Skinny Jeans", "action_flag": 2, "change_message": "[{\"changed\": {\"fields\": [\"Category\", \"Description\"]}}]"}}, {"model": "admin.logentry", "pk": 21, "fields": {"action_time": "2021-11-30T21:18:45.704Z", "user": 1, "content_type": 13, "object_id": "125", "object_repr": "MCM", "action_flag": 1, "change_message": "[{\"added\": {}}]"}}, {"model": "admin.logentry", "pk": 22, "fields": {"action_time": "2021-11-30T21:19:32.921Z", "user": 1, "content_type": 13, "object_id": "126", "object_repr": "MCM", "action_flag": 1, "change_message": "[{\"added\": {}}]"}}, {"model": "admin.logentry", "pk": 23, "fields": {"action_time": "2021-12-01T13:41:25.642Z", "user": 1, "content_type": 13, "object_id": "106", "object_repr": "Puma", "action_flag": 2, "change_message": "[]"}}, {"model": "admin.logentry", "pk": 24, "fields": {"action_time": "2021-12-01T13:41:36.891Z", "user": 1, "content_type": 13, "object_id": "106", "object_repr": "Puma", "action_flag": 2, "change_message": "[{\"changed\": {\"fields\": [\"Image\"]}}]"}}, {"model": "admin.logentry", "pk": 25, "fields": {"action_time": "2021-12-01T13:42:22.791Z", "user": 1, "content_type": 13, "object_id": "106", "object_repr": "Puma", "action_flag": 2, "change_message": "[{\"changed\": {\"fields\": [\"Image\"]}}]"}}, {"model": "admin.logentry", "pk": 26, "fields": {"action_time": "2021-12-01T13:42:37.417Z", "user": 1, "content_type": 13, "object_id": "106", "object_repr": "Puma", "action_flag": 2, "change_message": "[]"}}, {"model": "admin.logentry", "pk": 27, "fields": {"action_time": "2021-12-01T13:43:07.754Z", "user": 1, "content_type": 13, "object_id": "99", "object_repr": "Puma", "action_flag": 2, "change_message": "[{\"changed\": {\"fields\": [\"Image\"]}}]"}}, {"model": "admin.logentry", "pk": 28, "fields": {"action_time": "2021-12-01T13:44:06.393Z", "user": 1, "content_type": 13, "object_id": "99", "object_repr": "Puma", "action_flag": 2, "change_message": "[{\"changed\": {\"fields\": [\"Image\"]}}]"}}, {"model": "admin.logentry", "pk": 29, "fields": {"action_time": "2021-12-01T13:45:04.221Z", "user": 1, "content_type": 13, "object_id": "99", "object_repr": "Puma", "action_flag": 2, "change_message": "[{\"changed\": {\"fields\": [\"Description\"]}}]"}}, {"model": "admin.logentry", "pk": 30, "fields": {"action_time": "2021-12-01T13:45:06.380Z", "user": 1, "content_type": 13, "object_id": "99", "object_repr": "Puma", "action_flag": 2, "change_message": "[]"}}, {"model": "admin.logentry", "pk": 31, "fields": {"action_time": "2021-12-01T13:45:44.439Z", "user": 1, "content_type": 13, "object_id": "106", "object_repr": "Puma", "action_flag": 2, "change_message": "[{\"changed\": {\"fields\": [\"Image\"]}}]"}}, {"model": "admin.logentry", "pk": 32, "fields": {"action_time": "2021-12-01T13:47:08.123Z", "user": 1, "content_type": 13, "object_id": "108", "object_repr": "Nike", "action_flag": 2, "change_message": "[{\"changed\": {\"fields\": [\"Image\"]}}]"}}, {"model": "admin.logentry", "pk": 33, "fields": {"action_time": "2021-12-01T13:47:23.171Z", "user": 1, "content_type": 13, "object_id": "108", "object_repr": "Nike", "action_flag": 2, "change_message": "[{\"changed\": {\"fields\": [\"Image\"]}}]"}}, {"model": "admin.logentry", "pk": 34, "fields": {"action_time": "2021-12-01T13:47:38.891Z", "user": 1, "content_type": 13, "object_id": "108", "object_repr": "Nike", "action_flag": 2, "change_message": "[{\"changed\": {\"fields\": [\"Image\"]}}]"}}, {"model": "admin.logentry", "pk": 35, "fields": {"action_time": "2021-12-01T13:48:57.277Z", "user": 1, "content_type": 13, "object_id": "108", "object_repr": "Puma", "action_flag": 2, "change_message": "[{\"changed\": {\"fields\": [\"Name\", \"Description\", \"Image\"]}}]"}}, {"model": "admin.logentry", "pk": 36, "fields": {"action_time": "2021-12-01T13:49:44.625Z", "user": 1, "content_type": 13, "object_id": "109", "object_repr": "Nike", "action_flag": 2, "change_message": "[{\"changed\": {\"fields\": [\"Image\"]}}]"}}, {"model": "admin.logentry", "pk": 37, "fields": {"action_time": "2021-12-01T13:51:02.634Z", "user": 1, "content_type": 13, "object_id": "109", "object_repr": "Nike", "action_flag": 2, "change_message": "[{\"changed\": {\"fields\": [\"Image\"]}}]"}}, {"model": "admin.logentry", "pk": 38, "fields": {"action_time": "2021-12-01T13:53:33.078Z", "user": 1, "content_type": 13, "object_id": "111", "object_repr": "Nike", "action_flag": 2, "change_message": "[]"}}, {"model": "admin.logentry", "pk": 39, "fields": {"action_time": "2021-12-01T13:55:24.460Z", "user": 1, "content_type": 13, "object_id": "127", "object_repr": "Vans", "action_flag": 1, "change_message": "[{\"added\": {}}]"}}, {"model": "admin.logentry", "pk": 40, "fields": {"action_time": "2021-12-01T13:58:42.001Z", "user": 1, "content_type": 13, "object_id": "126", "object_repr": "MCM", "action_flag": 2, "change_message": "[]"}}, {"model": "admin.logentry", "pk": 41, "fields": {"action_time": "2021-12-01T14:02:13.485Z", "user": 1, "content_type": 13, "object_id": "128", "object_repr": "The signature studded MCM backpack, fashioned in Candy Red Visetos and nappa leather.", "action_flag": 1, "change_message": "[{\"added\": {}}]"}}, {"model": "admin.logentry", "pk": 42, "fields": {"action_time": "2021-12-01T14:03:31.851Z", "user": 1, "content_type": 13, "object_id": "128", "object_repr": "The signature studded MCM backpack, fashioned in Candy Red Visetos and nappa leather.", "action_flag": 2, "change_message": "[{\"changed\": {\"fields\": [\"Image\"]}}]"}}, {"model": "admin.logentry", "pk": 43, "fields": {"action_time": "2021-12-01T14:04:17.860Z", "user": 1, "content_type": 13, "object_id": "128", "object_repr": "The signature studded MCM backpack, fashioned in Candy Red Visetos and nappa leather.", "action_flag": 2, "change_message": "[]"}}, {"model": "admin.logentry", "pk": 44, "fields": {"action_time": "2021-12-01T14:05:13.852Z", "user": 1, "content_type": 13, "object_id": "126", "object_repr": "MCM", "action_flag": 2, "change_message": "[{\"changed\": {\"fields\": [\"Description\"]}}]"}}, {"model": "admin.logentry", "pk": 45, "fields": {"action_time": "2021-12-01T14:06:40.306Z", "user": 1, "content_type": 13, "object_id": "126", "object_repr": "MCM", "action_flag": 2, "change_message": "[]"}}, {"model": "admin.logentry", "pk": 46, "fields": {"action_time": "2021-12-01T14:07:25.311Z", "user": 1, "content_type": 13, "object_id": "129", "object_repr": "MCM", "action_flag": 1, "change_message": "[{\"added\": {}}]"}}, {"model": "admin.logentry", "pk": 47, "fields": {"action_time": "2021-12-01T14:09:19.937Z", "user": 1, "content_type": 13, "object_id": "129", "object_repr": "MCM", "action_flag": 2, "change_message": "[]"}}, {"model": "admin.logentry", "pk": 48, "fields": {"action_time": "2021-12-01T14:11:06.313Z", "user": 1, "content_type": 13, "object_id": "130", "object_repr": "MCM", "action_flag": 1, "change_message": "[{\"added\": {}}]"}}, {"model": "admin.logentry", "pk": 49, "fields": {"action_time": "2021-12-01T14:11:13.902Z", "user": 1, "content_type": 13, "object_id": "130", "object_repr": "MCM", "action_flag": 2, "change_message": "[]"}}, {"model": "admin.logentry", "pk": 50, "fields": {"action_time": "2021-12-01T14:11:49.209Z", "user": 1, "content_type": 13, "object_id": "131", "object_repr": "MCM", "action_flag": 1, "change_message": "[{\"added\": {}}]"}}, {"model": "admin.logentry", "pk": 51, "fields": {"action_time": "2021-12-01T14:11:51.956Z", "user": 1, "content_type": 13, "object_id": "131", "object_repr": "MCM", "action_flag": 2, "change_message": "[]"}}, {"model": "admin.logentry", "pk": 52, "fields": {"action_time": "2021-12-01T14:12:27.053Z", "user": 1, "content_type": 13, "object_id": "132", "object_repr": "MCM", "action_flag": 1, "change_message": "[{\"added\": {}}]"}}, {"model": "admin.logentry", "pk": 53, "fields": {"action_time": "2021-12-01T14:12:29.410Z", "user": 1, "content_type": 13, "object_id": "132", "object_repr": "MCM", "action_flag": 2, "change_message": "[]"}}, {"model": "admin.logentry", "pk": 54, "fields": {"action_time": "2021-12-01T14:14:19.721Z", "user": 1, "content_type": 13, "object_id": "131", "object_repr": "MCM", "action_flag": 2, "change_message": "[{\"changed\": {\"fields\": [\"Image\"]}}]"}}, {"model": "admin.logentry", "pk": 55, "fields": {"action_time": "2021-12-01T14:14:36.176Z", "user": 1, "content_type": 13, "object_id": "131", "object_repr": "MCM", "action_flag": 2, "change_message": "[{\"changed\": {\"fields\": [\"Gender\", \"Image\"]}}]"}}, {"model": "admin.logentry", "pk": 56, "fields": {"action_time": "2021-12-01T14:15:00.500Z", "user": 1, "content_type": 13, "object_id": "131", "object_repr": "MCM", "action_flag": 2, "change_message": "[]"}}, {"model": "admin.logentry", "pk": 57, "fields": {"action_time": "2021-12-01T14:15:24.966Z", "user": 1, "content_type": 13, "object_id": "132", "object_repr": "MCM", "action_flag": 2, "change_message": "[{\"changed\": {\"fields\": [\"Image\"]}}]"}}, {"model": "admin.logentry", "pk": 58, "fields": {"action_time": "2021-12-01T14:19:59.262Z", "user": 1, "content_type": 13, "object_id": "132", "object_repr": "MCM", "action_flag": 2, "change_message": "[{\"changed\": {\"fields\": [\"Description\"]}}]"}}, {"model": "admin.logentry", "pk": 59, "fields": {"action_time": "2021-12-01T14:20:01.540Z", "user": 1, "content_type": 13, "object_id": "132", "object_repr": "MCM", "action_flag": 2, "change_message": "[]"}}, {"model": "admin.logentry", "pk": 60, "fields": {"action_time": "2021-12-01T14:20:52.549Z", "user": 1, "content_type": 13, "object_id": "129", "object_repr": "MCM", "action_flag": 2, "change_message": "[]"}}, {"model": "admin.logentry", "pk": 61, "fields": {"action_time": "2021-12-01T14:36:34.085Z", "user": 1, "content_type": 13, "object_id": "129", "object_repr": "MCM", "action_flag": 2, "change_message": "[]"}}, {"model": "admin.logentry", "pk": 62, "fields": {"action_time": "2021-12-01T14:37:34.879Z", "user": 1, "content_type": 13, "object_id": "133", "object_repr": "MCM", "action_flag": 1, "change_message": "[{\"added\": {}}]"}}, {"model": "admin.logentry", "pk": 63, "fields": {"action_time": "2021-12-01T14:37:39.987Z", "user": 1, "content_type": 13, "object_id": "133", "object_repr": "MCM", "action_flag": 2, "change_message": "[]"}}, {"model": "admin.logentry", "pk": 64, "fields": {"action_time": "2021-12-01T14:40:54.143Z", "user": 1, "content_type": 13, "object_id": "134", "object_repr": "Puma", "action_flag": 1, "change_message": "[{\"added\": {}}]"}}, {"model": "admin.logentry", "pk": 65, "fields": {"action_time": "2021-12-01T14:41:06.008Z", "user": 1, "content_type": 13, "object_id": "134", "object_repr": "Puma", "action_flag": 2, "change_message": "[]"}}, {"model": "admin.logentry", "pk": 66, "fields": {"action_time": "2021-12-01T14:42:14.208Z", "user": 1, "content_type": 13, "object_id": "135", "object_repr": "Puma", "action_flag": 1, "change_message": "[{\"added\": {}}]"}}, {"model": "admin.logentry", "pk": 67, "fields": {"action_time": "2021-12-02T12:02:34.790Z", "user": 1, "content_type": 13, "object_id": "1", "object_repr": "louboutin", "action_flag": 2, "change_message": "[{\"changed\": {\"fields\": [\"Gender\", \"Has sizes\"]}}]"}}, {"model": "admin.logentry", "pk": 68, "fields": {"action_time": "2021-12-02T12:03:27.650Z", "user": 1, "content_type": 13, "object_id": "3", "object_repr": "Alexander Mcqueen", "action_flag": 2, "change_message": "[{\"changed\": {\"fields\": [\"Gender\", \"Has sizes\"]}}]"}}, {"model": "admin.logentry", "pk": 69, "fields": {"action_time": "2021-12-02T12:03:41.821Z", "user": 1, "content_type": 13, "object_id": "3", "object_repr": "Alexander Mcqueen", "action_flag": 2, "change_message": "[]"}}, {"model": "admin.logentry", "pk": 70, "fields": {"action_time": "2021-12-02T12:03:50.636Z", "user": 1, "content_type": 13, "object_id": "8", "object_repr": "Air Jordan 6", "action_flag": 2, "change_message": "[{\"changed\": {\"fields\": [\"Has sizes\"]}}]"}}, {"model": "admin.logentry", "pk": 71, "fields": {"action_time": "2021-12-02T12:03:56.939Z", "user": 1, "content_type": 13, "object_id": "7", "object_repr": "Nike Air Force 1 Low", "action_flag": 2, "change_message": "[{\"changed\": {\"fields\": [\"Has sizes\"]}}]"}}, {"model": "admin.logentry", "pk": 72, "fields": {"action_time": "2021-12-02T12:04:17.804Z", "user": 1, "content_type": 13, "object_id": "4", "object_repr": "Fendi", "action_flag": 2, "change_message": "[{\"changed\": {\"fields\": [\"Gender\", \"Has sizes\"]}}]"}}, {"model": "admin.logentry", "pk": 73, "fields": {"action_time": "2021-12-02T12:04:37.380Z", "user": 1, "content_type": 13, "object_id": "5", "object_repr": "Nike Air Force 1 Low", "action_flag": 2, "change_message": "[{\"changed\": {\"fields\": [\"Gender\", \"Description\", \"Has sizes\"]}}]"}}, {"model": "admin.logentry", "pk": 74, "fields": {"action_time": "2021-12-02T12:05:05.032Z", "user": 1, "content_type": 13, "object_id": "14", "object_repr": "Nike Air Forces", "action_flag": 2, "change_message": "[{\"changed\": {\"fields\": [\"Gender\", \"Description\", \"Has sizes\"]}}]"}}, {"model": "admin.logentry", "pk": 75, "fields": {"action_time": "2021-12-04T14:27:49.540Z", "user": 1, "content_type": 15, "object_id": "3", "object_repr": "3787F8DA6B55406FA8714959E85FADB8", "action_flag": 2, "change_message": "[{\"changed\": {\"name\": \"order line item\", \"object\": \"SKU 504/168 on order 3787F8DA6B55406FA8714959E85FADB8\", \"fields\": [\"Quantity\"]}}]"}}, {"model": "admin.logentry", "pk": 76, "fields": {"action_time": "2021-12-04T14:28:44.604Z", "user": 1, "content_type": 15, "object_id": "3", "object_repr": "3787F8DA6B55406FA8714959E85FADB8", "action_flag": 2, "change_message": "[{\"changed\": {\"name\": \"order line item\", \"object\": \"SKU 504/256 on order 3787F8DA6B55406FA8714959E85FADB8\", \"fields\": [\"Product\", \"Quantity\"]}}]"}}, {"model": "admin.logentry", "pk": 77, "fields": {"action_time": "2021-12-04T14:29:03.024Z", "user": 1, "content_type": 15, "object_id": "3", "object_repr": "3787F8DA6B55406FA8714959E85FADB8", "action_flag": 2, "change_message": "[{\"changed\": {\"name\": \"order line item\", \"object\": \"SKU 504/245 on order 3787F8DA6B55406FA8714959E85FADB8\", \"fields\": [\"Product\"]}}]"}}, {"model": "admin.logentry", "pk": 78, "fields": {"action_time": "2021-12-04T14:29:14.565Z", "user": 1, "content_type": 15, "object_id": "3", "object_repr": "3787F8DA6B55406FA8714959E85FADB8", "action_flag": 2, "change_message": "[{\"deleted\": {\"name\": \"order line item\", \"object\": \"SKU 504/168 on order 3787F8DA6B55406FA8714959E85FADB8\"}}]"}}, {"model": "admin.logentry", "pk": 79, "fields": {"action_time": "2021-12-04T14:29:53.506Z", "user": 1, "content_type": 15, "object_id": "3", "object_repr": "3787F8DA6B55406FA8714959E85FADB8", "action_flag": 2, "change_message": "[{\"deleted\": {\"name\": \"order line item\", \"object\": \"SKU 504/245 on order 3787F8DA6B55406FA8714959E85FADB8\"}}]"}}, {"model": "admin.logentry", "pk": 80, "fields": {"action_time": "2021-12-29T14:47:11.809Z", "user": 4, "content_type": 13, "object_id": "108", "object_repr": "Puma", "action_flag": 2, "change_message": "[{\"changed\": {\"fields\": [\"Image\"]}}]"}}, {"model": "admin.logentry", "pk": 81, "fields": {"action_time": "2021-12-29T14:47:33.869Z", "user": 4, "content_type": 13, "object_id": "108", "object_repr": "Puma", "action_flag": 2, "change_message": "[{\"changed\": {\"fields\": [\"Image\"]}}]"}}, {"model": "admin.logentry", "pk": 82, "fields": {"action_time": "2021-12-29T14:47:54.972Z", "user": 4, "content_type": 13, "object_id": "108", "object_repr": "Puma", "action_flag": 2, "change_message": "[{\"changed\": {\"fields\": [\"Image\"]}}]"}}, {"model": "admin.logentry", "pk": 83, "fields": {"action_time": "2021-12-29T14:48:26.078Z", "user": 4, "content_type": 13, "object_id": "108", "object_repr": "Puma", "action_flag": 2, "change_message": "[{\"changed\": {\"fields\": [\"Image\"]}}]"}}, {"model": "admin.logentry", "pk": 84, "fields": {"action_time": "2021-12-29T14:50:09.226Z", "user": 4, "content_type": 13, "object_id": "108", "object_repr": "Puma", "action_flag": 2, "change_message": "[{\"changed\": {\"fields\": [\"Image\"]}}]"}}, {"model": "admin.logentry", "pk": 85, "fields": {"action_time": "2021-12-29T14:50:17.045Z", "user": 4, "content_type": 13, "object_id": "108", "object_repr": "Puma", "action_flag": 2, "change_message": "[{\"changed\": {\"fields\": [\"Image\"]}}]"}}, {"model": "admin.logentry", "pk": 86, "fields": {"action_time": "2021-12-29T14:50:38.644Z", "user": 4, "content_type": 13, "object_id": "108", "object_repr": "Puma", "action_flag": 2, "change_message": "[{\"changed\": {\"fields\": [\"Image\"]}}]"}}, {"model": "admin.logentry", "pk": 87, "fields": {"action_time": "2021-12-29T14:53:31.161Z", "user": 4, "content_type": 13, "object_id": "108", "object_repr": "Puma", "action_flag": 2, "change_message": "[{\"changed\": {\"fields\": [\"Image\"]}}]"}}, {"model": "admin.logentry", "pk": 88, "fields": {"action_time": "2021-12-29T14:55:43.932Z", "user": 4, "content_type": 13, "object_id": "108", "object_repr": "Puma", "action_flag": 2, "change_message": "[{\"changed\": {\"fields\": [\"Image\"]}}]"}}, {"model": "admin.logentry", "pk": 89, "fields": {"action_time": "2022-01-07T21:04:48.893Z", "user": 4, "content_type": 15, "object_id": "60", "object_repr": "F40B692B93A14292B9845F752E39B982", "action_flag": 3, "change_message": ""}}, {"model": "admin.logentry", "pk": 90, "fields": {"action_time": "2022-01-07T21:04:48.913Z", "user": 4, "content_type": 15, "object_id": "59", "object_repr": "CAA6FE820D66411B9A10F32666A236D0", "action_flag": 3, "change_message": ""}}, {"model": "admin.logentry", "pk": 91, "fields": {"action_time": "2022-01-07T21:04:48.918Z", "user": 4, "content_type": 15, "object_id": "58", "object_repr": "ADEF7469C7AA46209B80D5D63D70E772", "action_flag": 3, "change_message": ""}}, {"model": "admin.logentry", "pk": 92, "fields": {"action_time": "2022-01-07T21:04:48.922Z", "user": 4, "content_type": 15, "object_id": "57", "object_repr": "C7A7730B1EBE43FD98A4D3B9024C7524", "action_flag": 3, "change_message": ""}}, {"model": "admin.logentry", "pk": 93, "fields": {"action_time": "2022-01-07T21:04:48.926Z", "user": 4, "content_type": 15, "object_id": "56", "object_repr": "8C1D0D3BB6A144BD9D28EF75256F1E79", "action_flag": 3, "change_message": ""}}, {"model": "auth.user", "pk": 1, "fields": {"password": "pbkdf2_sha256$260000$7W1dPDRs0SasnIBJSbsO9O$s/mh9hQhdPRcYYBxuwqCBuUMBUk2fsRfjkJDFYnftfA=", "last_login": "2021-12-08T11:59:47.674Z", "is_superuser": true, "username": "ceo1985", "first_name": "", "last_name": "", "email": "mattburrellmusic@gmail.com", "is_staff": true, "is_active": true, "date_joined": "2021-11-25T18:19:36.143Z", "groups": [], "user_permissions": []}}, {"model": "auth.user", "pk": 2, "fields": {"password": "pbkdf2_sha256$260000$hjgo4V3mcyhDnnwzkuKEYt$9L+r5xmaQsxyqsif0e6fE9vVs2FLvqKKf0z0eZyd5I8=", "last_login": "2021-12-15T14:51:19.117Z", "is_superuser": false, "username": "alex_johnson@yahoo.com", "first_name": "", "last_name": "", "email": "alex_johnson@yahoo.com", "is_staff": false, "is_active": true, "date_joined": "2021-12-07T16:16:17.926Z", "groups": [], "user_permissions": []}}, {"model": "auth.user", "pk": 3, "fields": {"password": "pbkdf2_sha256$260000$yBXheLmlCirsyaLzliQKCJ$MAK46SasJAcOfZgRrJ5frc0evYfqX26JeTpiAA2xnGM=", "last_login": "2021-12-08T18:24:30.266Z", "is_superuser": false, "username": "test@test.com", "first_name": "", "last_name": "", "email": "test@test.com", "is_staff": false, "is_active": true, "date_joined": "2021-12-07T19:53:53.033Z", "groups": [], "user_permissions": []}}, {"model": "auth.user", "pk": 4, "fields": {"password": "pbkdf2_sha256$260000$woG29mg7Hdxo8uz6FZqKHW$v/AK+clJU9KuAm4oFMY3nM6pESkLXf9n/Y9WBWYp1Hc=", "last_login": "2022-01-26T06:24:20.137Z", "is_superuser": true, "username": "msb2021", "first_name": "", "last_name": "", "email": "mattburrellmusic@gmail.com", "is_staff": true, "is_active": true, "date_joined": "2021-12-08T12:22:15.843Z", "groups": [], "user_permissions": []}}, {"model": "auth.user", "pk": 5, "fields": {"password": "pbkdf2_sha256$260000$zEH1GHFWiz2wofUFzuIZWa$VeQ0LLXYDIq6fzKoyAdrczpRRjKIhwN2VdLOMpbJL5c=", "last_login": "2021-12-15T14:19:34.413Z", "is_superuser": false, "username": "Matthew", "first_name": "", "last_name": "", "email": "mateus756@hotmail.com", "is_staff": false, "is_active": true, "date_joined": "2021-12-15T14:17:35.968Z", "groups": [], "user_permissions": []}}, {"model": "sessions.session", "pk": "2vitczs9nmo19ta7eojr0lkhwpzwoy1e", "fields": {"session_data": "e30:1muggR:soMBknmF4GRNO2hCX98hExIIas_1wsbwVpAFoliSe-g", "expire_date": "2021-12-21T20:03:27.290Z"}}, {"model": "sessions.session", "pk": "4qf0yh3dfqc5y81z2ihoqll9o3z0dojf", "fields": {"session_data": "e30:1muvbv:lADJMZA1ElgOr3yGMOZlh8Iwws9nIXpxIfEEYdac1Ds", "expire_date": "2021-12-22T11:59:47.668Z"}}, {"model": "sessions.session", "pk": "5bomz86x7ybg7h43y9b8mya1du0rf0re", "fields": {"session_data": "e30:1muhYJ:lYITmCpssHOe2n1wzVkAZIIvT30ddTwEnZOl6xb3lF8", "expire_date": "2021-12-21T20:59:07.867Z"}}, {"model": "sessions.session", "pk": "61plppnt3mpuqb6fzh063ubkhx9ipajw", "fields": {"session_data": "e30:1muge2:u-OXt9Y8VDxvxfZdNIvnqqKysSwUzCDqIrJQmhxf55o", "expire_date": "2021-12-21T20:00:58.492Z"}}, {"model": "sessions.session", "pk": "7cn1qcedxdbqtepxz78svef8d3diwlgd", "fields": {"session_data": ".eJyrVkpKTFeyqlYyMwORmSWpucXxSZXxxZlVqSABcyUrQx0lQwMgVVuro2SJVZGhIVTaGLshllBpQ2NTvPJGeGRrawHHVjX3:1msnV5:DwNEOGa7RHWA4lofkW4D-L98kbHbJwRFBinjEc1EC1k", "expire_date": "2021-12-16T14:55:55.028Z"}}, {"model": "sessions.session", "pk": "7vw5fe0qh63vfd0dhwy89qarmzqcrs2m", "fields": {"session_data": ".eJx9jDsOgzAQRO-yNULgD2DK9DmDtYvXwfmAhCFSgrh7YokikaI0U8x7MytYXObeLpEnGxy0oCD77Ai7Cw8JuDMOpzHvxmGeAuVJyXca8-Po-HrY3a-DHmP_XmuN2jdeOqekQdbSF8KooiZD3BmlvVOVoFIo1I6JDHdUFUI2LFgJ1uk04p1tGPwI7TwtnAHhCdoVZIow8y1aetgYnpwKA225bRnU6ieud1yK-s98217SNl7E:1mzz4S:ZY96YpfO2WorUnHbDmd6ZfGi6AUo_-SBSIw6zmPjqLc", "expire_date": "2022-01-05T10:42:08.420Z"}}, {"model": "sessions.session", "pk": "87f7r30m3noiycqrz9ptvtngyzbz4wg5", "fields": {"session_data": "e30:1mugd8:OpiXcRT7KNb0SqJ77vsw6-2hZpRu0TMdWdBDE7shjXo", "expire_date": "2021-12-21T20:00:02.404Z"}}, {"model": "sessions.session", "pk": "9wnczh8ke19a1lom1btfp8q1b4k97kc9", "fields": {"session_data": "e30:1muhCv:DrSYyXjp5I91mK4HLh71ftVNrzhkZtPGiYFMp2jaKJ0", "expire_date": "2021-12-21T20:37:01.356Z"}}, {"model": "sessions.session", "pk": "blssyt40mfgcvg9d2gjf1gquwapz96hr", "fields": {"session_data": "e30:1mugfK:5ZklU_mhG0VCYbYU5A2VRpoFZmNuuWdgcB8WhL4HPQk", "expire_date": "2021-12-21T20:02:18.734Z"}}, {"model": "sessions.session", "pk": "ccm1ne93hh3yvivt58k72y4fefzaykiq", "fields": {"session_data": "e30:1mug3D:qEQnNJKBUUgxKOV9pp56VgvCH29_OAUH6gHGLP0RhmA", "expire_date": "2021-12-21T19:22:55.397Z"}}, {"model": "sessions.session", "pk": "d36y5ust68ja915xavoq9wcr60itab8w", "fields": {"session_data": "e30:1muh9L:Wl9-uWf6jEDUdF12a5GiFEV13RbG36fz5jK9aMd7B88", "expire_date": "2021-12-21T20:33:19.400Z"}}, {"model": "sessions.session", "pk": "dbsup5grr2yh56df1mr68zlbplge8t6r", "fields": {"session_data": "e30:1muh0x:xQeNtF-KcDZnhXAghS4dYC52EnR4nDMo6_ymRkEuJrc", "expire_date": "2021-12-21T20:24:39.159Z"}}, {"model": "sessions.session", "pk": "dfjvqkd43vojoieltm0y9vuh6pbtl0jo", "fields": {"session_data": "e30:1muinC:m07oxCyix8C-Ok_JBPk1QG08OWKt0L8Rh_kWdIjPIkw", "expire_date": "2021-12-21T22:18:34.485Z"}}, {"model": "sessions.session", "pk": "dz2pn17waz4do1zefie0ktmkupx5d2f4", "fields": {"session_data": "e30:1muhbf:rJ2HgZQzkt6n7qORJb_PhS7a4Fyei4y0kY20BkrZyOg", "expire_date": "2021-12-21T21:02:35.796Z"}}, {"model": "sessions.session", "pk": "g0xihddob1ri8uuroazqrkboio7cjtgf", "fields": {"session_data": "e30:1muhFP:sS1esrO5Mjst66IAGJxEQNdZCMQ11BF7x6Op_M72gMI", "expire_date": "2021-12-21T20:39:35.202Z"}}, {"model": "sessions.session", "pk": "h1dvsa31421vnwmwr6bb1kh9vqj7ha8j", "fields": {"session_data": ".eJyrVkpKTFeyqlYyBxGZJam5xfFJlfHFmVWpIAFLJSuj2lodJUNDXNKmIGkjIzy6a2sBdS4g0g:1msrAj:QH360E44ANlgIMmz7-tQItRA3dRpFj52ZMikPKOscmE", "expire_date": "2021-12-16T18:51:09.366Z"}}, {"model": "sessions.session", "pk": "hnsub1w36fnq5k2qv7p56mmb51ck7egs", "fields": {"session_data": "e30:1mugSQ:pEUG1BLmkaBTF15lY26goJbK9AX1aUPnoJ2THVH7q1I", "expire_date": "2021-12-21T19:48:58.069Z"}}, {"model": "sessions.session", "pk": "jlttyobkyzwq4mj44w15eb4avctv7w73", "fields": {"session_data": ".eJyrVipOLEuNz8xLy1eySkvMKU7VUUpKTFeyqlYyNLJUsjLWUTI0NAVxM0tSc4vjkyrjizOrUkECQFnD2lodJQtLvNKGxhZ45GtrAXfjKVs:1nAyAB:pXGFy5lVPlQyu3LHUWBKUWRXkKMXPxJcA-tOsXs70no", "expire_date": "2022-02-04T17:57:27.250Z"}}, {"model": "sessions.session", "pk": "kahboctg542nz2yaafxic5urm2sxhagy", "fields": {"session_data": "e30:1muhIJ:bKJbzTk0KupPjj-1b-t5NRKgQvu6bNTELPFpUnGWdq8", "expire_date": "2021-12-21T20:42:35.972Z"}}, {"model": "sessions.session", "pk": "kcfk30ho65b1iuuuc0j1nbnvggp1nwxv", "fields": {"session_data": "e30:1mui7S:bCrFbdmTBzuIOwgFyJMLBR37h8lfTV_JgdO66PT3T38", "expire_date": "2021-12-21T21:35:26.116Z"}}, {"model": "sessions.session", "pk": "kfyliendfzoy9psbyb86p0w84g1s4noy", "fields": {"session_data": "e30:1mugDq:DYnct7x3SQvx1Xz3Csy57uJAozqVHCunGxk2DvpkjNw", "expire_date": "2021-12-21T19:33:54.352Z"}}, {"model": "sessions.session", "pk": "lty53gar0jgd76ec6ip3amfjphd9p8wc", "fields": {"session_data": "e30:1mui9I:9uAsW_odcG0HbfFcnMgdtDaCpmTB2qP4EeqVWAjKbp4", "expire_date": "2021-12-21T21:37:20.182Z"}}, {"model": "sessions.session", "pk": "m6y6n1htwuxb0sxcuezicjtrjoudw224", "fields": {"session_data": "e30:1mugNW:tZy87srfiIzpzkAnJyXBpkNrXzngEOfLrlV5Jr6H0yg", "expire_date": "2021-12-21T19:43:54.492Z"}}, {"model": "sessions.session", "pk": "mpu7vzjum8z92lxysn92uo1ee0toq46g", "fields": {"session_data": "e30:1mugOC:8fySF1XY7JTVSeOpThN8w4GP0fr9ty6_qKKITA_LhP4", "expire_date": "2021-12-21T19:44:36.422Z"}}, {"model": "sessions.session", "pk": "njdll7w2y6torwr2nexr19en183agsfw", "fields": {"session_data": "e30:1muvJY:l4w8y6nbM017I5PLw88mLXVe8RvP30wlc3DnK3fL-RU", "expire_date": "2021-12-22T11:40:48.812Z"}}, {"model": "sessions.session", "pk": "o0388ppaps90bdot3a51usj4tmm1mfqu", "fields": {"session_data": "e30:1muhC3:y_wDiWRPrzXBrmoGa0ojKJLvRanx3PQbCzbxPf8KrYA", "expire_date": "2021-12-21T20:36:07.272Z"}}, {"model": "sessions.session", "pk": "osaq3hk1lgwavtnzz4rs0sfl2vh4lqdf", "fields": {"session_data": "e30:1muhCN:Xk4z4NEmisB1eFWjcZWJcJIxq6lBb29YvOJ6NMOZ9uM", "expire_date": "2021-12-21T20:36:27.562Z"}}, {"model": "sessions.session", "pk": "oy55xj52oimd26mzwf3uonj7itnxwam5", "fields": {"session_data": "e30:1muhSi:KWe_dZVjtQm323ksItAT0km9fOeaZKyDU_oM7-Iu9dw", "expire_date": "2021-12-21T20:53:20.865Z"}}, {"model": "sessions.session", "pk": "pokt344qtjfsvyjmyurq7dnqine7ak27", "fields": {"session_data": "e30:1mugBA:EXJeKso1G8ZvaY1pLqztwpbWK7f5Pb4f1QJ7V4MVSbQ", "expire_date": "2021-12-21T19:31:08.517Z"}}, {"model": "sessions.session", "pk": "q29tx3dchbcvywn34ksuteqasuwecq5z", "fields": {"session_data": "e30:1mug5e:guMRRe3J9MuM0vGDnImde1e9vRmTN5XTgnjcVI5lLMg", "expire_date": "2021-12-21T19:25:26.786Z"}}, {"model": "sessions.session", "pk": "q33fzc0zbfwlvvnxojvhejz7ft4szx7e", "fields": {"session_data": ".eJxVjEEOwiAQRe_C2hCgEhiX7j0DmWEGqRqalHZlvLtt0oVu_3vvv1XCdalp7TKnkdVFWXX63QjzU9oO-IHtPuk8tWUeSe-KPmjXt4nldT3cv4OKvW41GARwgHQGzhJzDB4khEC2EFpxRMaBt8DokEwu6OPAPmQZZLO5qM8X9c05Ag:1ms87G:wGYwVyLYQBF-6OBYHGG4N6QTQh88E4yc8muR1hvBz9k", "expire_date": "2021-12-14T18:44:34.855Z"}}, {"model": "sessions.session", "pk": "qeorcn7rbwcvaxgt7r4f7xuvkqzfimzi", "fields": {"session_data": "e30:1muiBK:f0UBrP0Q4NZodJi9A6g1K40yYyG_gqWvRE7n6q-Xbgo", "expire_date": "2021-12-21T21:39:26.363Z"}}, {"model": "sessions.session", "pk": "r7o0j4j5arcdzg2ofkq9dod1huixn6o8", "fields": {"session_data": "e30:1muhbM:YsJmJcRtfjz7UWCTTcd45tpdnWf0kBF8t7w8JzFAFaE", "expire_date": "2021-12-21T21:02:16.809Z"}}, {"model": "sessions.session", "pk": "rpumtq7ssjblkhgrjas11nf0e60dmyro", "fields": {"session_data": "eyJzYXZlX2luZm8iOmZhbHNlfQ:1mvI6K:qqBINuAeow04xjOdD5rFsMeOCYnTenLuI9yt-bcLoQU", "expire_date": "2021-12-23T12:00:40.574Z"}}, {"model": "sessions.session", "pk": "s71uzzgxj1xkq1sp7bz85ij876qsk5mn", "fields": {"session_data": ".eJxVjEEOwiAQRe_C2pAKQy1duvcMZIYZbNVAAq0b4921SRe6_e_991IB12UKa5MaZlajAnX43QjjXfIG-Ib5WnQseakz6U3RO236Ulge5939C0zYpu_bOXRpSJYZrEdxNnXGQ3ciTxI9uMTQGzoaQMdC5CVS3xk7iBEw4rZow6eEOaeixqWu8v4A428-jA:1nCdNG:NnE6MvDk-UMVa8DLb1Zkk2bNuLnwCHgchzK96p4vIuQ", "expire_date": "2022-02-09T08:09:50.898Z"}}, {"model": "sessions.session", "pk": "suod4wsnflj5tvs112v1smlhtac69qm6", "fields": {"session_data": "eyJzYXZlX2luZm8iOmZhbHNlfQ:1mvO7v:Oe8jvKFqsPHn8SJB7dGlfR-NmxrkKXlFhgu2qvX6H2g", "expire_date": "2021-12-23T18:26:43.335Z"}}, {"model": "sessions.session", "pk": "tcc9j48d6rqlvsfccjj7ajkw34esgvxm", "fields": {"session_data": "e30:1mug3d:7Un90o36fo3Ss6RK-vBGFApk1oQ6s9JyRHzc70Hl5IM", "expire_date": "2021-12-21T19:23:21.162Z"}}, {"model": "sessions.session", "pk": "uen5hmsh6xp3bwjobsbmj6n6d2tzb04r", "fields": {"session_data": "e30:1mugH9:_uUrtVh_67PWzEGJKoBoOVY0wo2CCP2rWsrRj3jQDw0", "expire_date": "2021-12-21T19:37:19.411Z"}}, {"model": "sessions.session", "pk": "uo1z348v0q7loejo9b1rwj2ywwujpdqf", "fields": {"session_data": "e30:1mugTy:u55CrUCJ5kNXdlepbNWuyK0zT3ogZaVbBt4CLSXH-YY", "expire_date": "2021-12-21T19:50:34.325Z"}}, {"model": "sessions.session", "pk": "vngwgucfbqx7m25ic0hwll72iofleggs", "fields": {"session_data": "e30:1mugLg:Nb9TBJQtAODHEWv_0Y4kJhOEhT_hbHGMcgOFWX4YIaY", "expire_date": "2021-12-21T19:42:00.196Z"}}, {"model": "sessions.session", "pk": "vnv994iwen0p99wid39n3jbgk8ioy0qg", "fields": {"session_data": "e30:1mui5o:XO8LeWneYJ5tO306RG3j-Iq-wh1CZoA6i1zvn1jPITA", "expire_date": "2021-12-21T21:33:44.610Z"}}, {"model": "sessions.session", "pk": "w5c0246043v90fot4jwz43djhqr9e0w7", "fields": {"session_data": ".eJxVjEsOgzAMRO_iNUI4JQRn2X3PgOzEfNoKJD4rxN0bKhbtajQzb2aHhre1b7ZF52aI4AEh-82Ew0vHs4hPHrspD9O4zoPkJ5Jf7ZI_pqjv-8X-HfS89GlNBRMZYikpBq1D7Sypc06wFUY1IoUhixTZsBShZVvfonVBb5ro2KZT4Q78Dg58lQEieMygsknKpF-HJXhzHB8H6EHC:1msl88:0CSgUsDvv81jcubfbCRw6v3J9LyNA0om7jiuxckC54E", "expire_date": "2021-12-16T12:24:04.091Z"}}, {"model": "sessions.session", "pk": "wyobmkjehhi1jix0akkyysv4sozpyg7o", "fields": {"session_data": "e30:1mug5G:rcFdfmmDP7mgqACT_TBisBY50tlcgTYHSFVuDkap_sc", "expire_date": "2021-12-21T19:25:02.483Z"}}, {"model": "sessions.session", "pk": "xy9ag417j1oz0c3mv57nddaxhbizf12j", "fields": {"session_data": "e30:1mug1o:j4pnKzA4oevRohx2x28kHgafzQNs-1Xl4qZEV2TTCxA", "expire_date": "2021-12-21T19:21:28.194Z"}}, {"model": "sessions.session", "pk": "yc8q67rrscy4fruyr5mwmal3ebqiojko", "fields": {"session_data": "e30:1muvKv:jS4OTsQeRTeV_c2mPnSVBf5L_TW53g4IN8AkTN6B3oI", "expire_date": "2021-12-22T11:42:13.427Z"}}, {"model": "sessions.session", "pk": "yirhvh9j3ug4hub2wh86da31fv8495hl", "fields": {"session_data": "e30:1mugQv:Q6x-seH_eOGMODQfS5_jBrVNcGkX5fYBGXR5PQiV7Yk", "expire_date": "2021-12-21T19:47:25.596Z"}}, {"model": "sessions.session", "pk": "ymq3seepz8e3l96ibl0qgvmq8b99bhe9", "fields": {"session_data": "e30:1muhUb:ZlagLIg7SvRFIInlkR7YJtAoskbEAHpJqXO_2RKSSW0", "expire_date": "2021-12-21T20:55:17.274Z"}}, {"model": "sessions.session", "pk": "znx8y8fipmoy2cuyd524kyfjyhlhsldu", "fields": {"session_data": ".eJyFkMtuhDAMRf_Fa4TynGKW3fcbopg4Q_oAiUCldsS_t2lZtAsyGy98fK-vfQPnt3V0W-bFpQA9GGj-9sgPLzwVEJ79dJ3bYZ7WJVFbRtqD5vZpDvz6eMz-Mxh9Hr_V1nobu6hDMBo9Wx2FQiMeCIkHNDYGc1EklfE2MBHyQBehdMeKjWJbTLN_Z5emOEO_Lhs3QP4K_Q10KWnlt-zow-X0yaWB0Mt9b0Bqe8ZN4SjPsPqRi1P5r73o7nBV57LOUVTjYT0dYv04ee-40-fI47mmsmDfvwBJqcL4:1n85MT:VQZhw7-Z6igZfD4aqel1qEg049c1vZtVPpgvKZDTIJA", "expire_date": "2022-01-27T19:02:13.978Z"}}, {"model": "sites.site", "pk": 1, "fields": {"domain": "footconnect.example.com", "name": "Foot Connect"}}, {"model": "account.emailaddress", "pk": 1, "fields": {"user": 1, "email": "mattburrellmusic@gmail.com", "verified": true, "primary": true}}, {"model": "account.emailaddress", "pk": 2, "fields": {"user": 2, "email": "alex_johnson@yahoo.com", "verified": true, "primary": true}}, {"model": "account.emailaddress", "pk": 3, "fields": {"user": 3, "email": "test@test.com", "verified": true, "primary": true}}, {"model": "account.emailaddress", "pk": 4, "fields": {"user": 5, "email": "mateus756@hotmail.com", "verified": true, "primary": true}}, {"model": "products.category", "pk": 4, "fields": {"name": "deals", "friendly_name": "Deals"}}, {"model": "products.category", "pk": 6, "fields": {"name": "mens_denim_jeans", "friendly_name": "Denim Jeans"}}, {"model": "products.category", "pk": 8, "fields": {"name": "new_arrivals", "friendly_name": "New Arrivals"}}, {"model": "products.category", "pk": 9, "fields": {"name": "mens_shirts", "friendly_name": "T-Shirts"}}, {"model": "products.category", "pk": 11, "fields": {"name": "bags", "friendly_name": "Bags"}}, {"model": "products.category", "pk": 12, "fields": {"name": "jackets_coats", "friendly_name": "Jackets & Coats"}}, {"model": "products.category", "pk": 13, "fields": {"name": "mens_shoes", "friendly_name": "Shoes"}}, {"model": "products.category", "pk": 14, "fields": {"name": "womens_shoes", "friendly_name": "Shoes"}}, {"model": "products.category", "pk": 16, "fields": {"name": "caps_hats", "friendly_name": "Caps & Hats"}}, {"model": "products.category", "pk": 18, "fields": {"name": "mens_sportswear", "friendly_name": "Sportswaer"}}, {"model": "products.category", "pk": 19, "fields": {"name": "womens_sportswear", "friendly_name": "Sportswear"}}, {"model": "products.category", "pk": 20, "fields": {"name": "womens_jeans", "friendly_name": "Jeans"}}, {"model": "products.product", "pk": 1, "fields": {"category": 13, "sku": "504/167", "name": "louboutin", "gender": "Mens", "description": "The Louis Orlato high-top sneaker is an iconic model by Maison Christian Louboutin and features a tone-on-tone rubber sole. This season, the upper, featuring sleek lines, combines smooth Loubi red calfskin suede and basket weave effect calfskin suede.", "has_sizes": true, "price": "749.99", "rating": "4.60", "image_url": null, "image": "1.jpg"}}, {"model": "products.product", "pk": 2, "fields": {"category": 13, "sku": "504/168", "name": "Giuseppe Zanotti", "gender": "", "description": "Giuseppe Zanotti fuses expert Italian craft with contemporary design in this pair of crocodile-embossed Frankie sneakers. Fashioned from leather, they are detailed with the label's signature side zip fastenings that run parallel to the central lace-up closure.", "has_sizes": true, "price": "585.00", "rating": "4.60", "image_url": null, "image": "2.jpg"}}, {"model": "products.product", "pk": 3, "fields": {"category": 13, "sku": "504/169", "name": "Alexander Mcqueen", "gender": "Mens", "description": "White smooth calf leather lace-up sneaker with rounded toe and trimmed with lust red suede heel detail. Large flat laces and Alexander McQueen signature on tongue and heel counter. Oversized rubber sole.", "has_sizes": true, "price": "420.00", "rating": "4.60", "image_url": null, "image": "3.jpg"}}, {"model": "products.product", "pk": 4, "fields": {"category": 13, "sku": "504/170", "name": "Fendi", "gender": "Mens", "description": "Slip on sneakers with a characteristic sock silhouette. Undulated rubber soles. Made of mesh with iconic FF motif. Black ribbed elastic edges. The details in rubberised film accentuate the silhouette of the shoe.", "has_sizes": true, "price": "630.00", "rating": "4.60", "image_url": null, "image": "4.jpg"}}, {"model": "products.product", "pk": 5, "fields": {"category": 13, "sku": "504/171", "name": "Nike Air Force 1 Low", "gender": "Mens", "description": "Nike Air Force 1 Low", "has_sizes": true, "price": "130.00", "rating": "4.60", "image_url": null, "image": "5.jpg"}}, {"model": "products.product", "pk": 6, "fields": {"category": 13, "sku": "504/172", "name": "Nike Air Force 1", "gender": "Mens", "description": "Nike Air Forces", "has_sizes": true, "price": "130.00", "rating": "4.60", "image_url": null, "image": "6_BzxRx5d.png"}}, {"model": "products.product", "pk": 7, "fields": {"category": 13, "sku": "504/173", "name": "Nike Air Force 1 Low", "gender": "mens", "description": "Nike Air Force 1 Low", "has_sizes": true, "price": "150.00", "rating": "4.60", "image_url": null, "image": "7_zahJjFh.png"}}, {"model": "products.product", "pk": 8, "fields": {"category": 13, "sku": "504/174", "name": "Air Jordan 6", "gender": "Mens", "description": "Nike Air Force 1 Low", "has_sizes": true, "price": "785.00", "rating": "4.60", "image_url": null, "image": "8_nWpxgi3.png"}}, {"model": "products.product", "pk": 9, "fields": {"category": 13, "sku": "504/175", "name": "Giuseppe Zanotti", "gender": "", "description": "Giuseppe Zanotti", "has_sizes": true, "price": "585.00", "rating": "4.60", "image_url": null, "image": "9.jpg"}}, {"model": "products.product", "pk": 10, "fields": {"category": 13, "sku": "504/176", "name": "Nike Air Force 1 Low", "gender": "", "description": "Nike Air Force 1 Low", "has_sizes": true, "price": "420.00", "rating": "4.60", "image_url": null, "image": "10.jpg"}}, {"model": "products.product", "pk": 11, "fields": {"category": 13, "sku": "504/177", "name": "Nike Air Force 1 Low", "gender": "", "description": "Nike Air Forces 1 Low", "has_sizes": true, "price": "630.00", "rating": "4.60", "image_url": null, "image": "11.jpg"}}, {"model": "products.product", "pk": 12, "fields": {"category": 13, "sku": "504/178", "name": "Nike Air Forces", "gender": "", "description": "Nike Air Forces", "has_sizes": true, "price": "130.00", "rating": "4.60", "image_url": null, "image": "12.jpg"}}, {"model": "products.product", "pk": 13, "fields": {"category": 13, "sku": "504/179", "name": "Nike Air Forces", "gender": "", "description": "Nike Air Forces", "has_sizes": true, "price": "130.00", "rating": "4.60", "image_url": null, "image": "13.jpg"}}, {"model": "products.product", "pk": 14, "fields": {"category": 13, "sku": "504/180", "name": "Nike Air Forces", "gender": "Mens", "description": "Nike Air Forces", "has_sizes": true, "price": "150.00", "rating": "4.60", "image_url": null, "image": "14.jpg"}}, {"model": "products.product", "pk": 15, "fields": {"category": 13, "sku": "504/181", "name": "Nike Air Forces", "gender": "", "description": "", "has_sizes": true, "price": "785.00", "rating": "4.60", "image_url": null, "image": "15.jpg"}}, {"model": "products.product", "pk": 16, "fields": {"category": 13, "sku": "504/182", "name": "Nike", "gender": "", "description": "Nike", "has_sizes": true, "price": "130.00", "rating": "4.60", "image_url": null, "image": "16.jpg"}}, {"model": "products.product", "pk": 17, "fields": {"category": 13, "sku": "504/183", "name": "Nike", "gender": "", "description": "Nike ", "has_sizes": true, "price": "120.00", "rating": "4.60", "image_url": null, "image": "17.jpg"}}, {"model": "products.product", "pk": 18, "fields": {"category": 13, "sku": "504/184", "name": "Nike", "gender": "", "description": "Nike", "has_sizes": true, "price": "130.00", "rating": "4.60", "image_url": null, "image": "18.jpg"}}, {"model": "products.product", "pk": 19, "fields": {"category": 13, "sku": "504/185", "name": "Nike", "gender": "", "description": "Nike", "has_sizes": true, "price": "100.00", "rating": "4.60", "image_url": null, "image": "19.jpg"}}, {"model": "products.product", "pk": 20, "fields": {"category": 13, "sku": "504/186", "name": "Nike ", "gender": "", "description": "Nike", "has_sizes": true, "price": "130.00", "rating": "4.60", "image_url": null, "image": "20.jpg"}}, {"model": "products.product", "pk": 21, "fields": {"category": 13, "sku": "504/187", "name": "Nike ", "gender": "", "description": "Nike", "has_sizes": true, "price": "150.00", "rating": "4.60", "image_url": null, "image": "21.jpg"}}, {"model": "products.product", "pk": 22, "fields": {"category": 13, "sku": "504/188", "name": "Nike Air Forces", "gender": "", "description": "Nike", "has_sizes": true, "price": "150.00", "rating": "4.60", "image_url": null, "image": "22.jpg"}}, {"model": "products.product", "pk": 23, "fields": {"category": 13, "sku": "504/189", "name": "balenciagas", "gender": "", "description": "balenciagas", "has_sizes": true, "price": "250.00", "rating": "4.60", "image_url": null, "image": "23.jpg"}}, {"model": "products.product", "pk": 24, "fields": {"category": 13, "sku": "504/190", "name": "louboutin", "gender": "", "description": "louboutin", "has_sizes": true, "price": "750.00", "rating": "4.60", "image_url": null, "image": "24.jpg"}}, {"model": "products.product", "pk": 36, "fields": {"category": 13, "sku": "504/191", "name": "Air Jordan 4 og bred", "gender": "", "description": "Celebrating the 30th anniversary of the classic Air Jordan 4 silhouette, Air Jordan chooses its iconic OG Bred colourway Michael Jordan wore when he sank ‘The Shot’ during the first round of the 1989 NBA playoffs. Releasing in May 2019 the Air Jordan 4 OG Bred 2019 is rendered in a build that’s faithful to the original, complete with a black nubuck upper, visible Air-Sole cushioning underfoot and Nike Air branding on the heel. True to its name, this release is a true OG, and sometimes you can do nothing more than to marvel at an icon.", "has_sizes": true, "price": "550.00", "rating": "5.00", "image_url": null, "image": "36.jpg"}}, {"model": "products.product", "pk": 37, "fields": {"category": 13, "sku": "504/192", "name": "Jordan", "gender": "", "description": "Jordan", "has_sizes": true, "price": "259.99", "rating": "4.00", "image_url": null, "image": "37.jpg"}}, {"model": "products.product", "pk": 38, "fields": {"category": 13, "sku": "504/193", "name": "Jordan 11 Low", "gender": "", "description": "Jordan 11 Low", "has_sizes": true, "price": "250.00", "rating": "4.20", "image_url": null, "image": "38.jpg"}}, {"model": "products.product", "pk": 39, "fields": {"category": 13, "sku": "504/194", "name": "Jordan 1 Mids", "gender": "", "description": "Jordan 1 Mids", "has_sizes": true, "price": "259.99", "rating": "4.80", "image_url": null, "image": "39.jpg"}}, {"model": "products.product", "pk": 40, "fields": {"category": 13, "sku": "504/195", "name": "Air Jordan 1 Retro High OG Black Metallic Gold", "gender": "", "description": "Black and gold is one iconic colour combination you can depend on to always look good, and this pair of Air Jordan 1 Retro High OG GS Black Metallic Gold sneakers combines style with an unforgettable appearance. You get all the sophistication of classic black leather while showing off gold metallic accents to add gilding and personality. The collar flap is adorned with gold for striking bordering around the ankle, and a padded nylon tongue means a comfortable and versatile fit every time. The Air Jordan 1 Retro High OG GS Black Metallic Gold stands out with its glossy black leather finish, and the silhouette is completed by intricate gold stitching along the black rubber sole for a truly special look. Black laces blend perfectly into the design whilst offering matte contrast against the sleek leather shine. Comfort meets class with this pair of sneakers.", "has_sizes": true, "price": "249.99", "rating": "5.00", "image_url": null, "image": "40.jpg"}}, {"model": "products.product", "pk": 41, "fields": {"category": 13, "sku": "504/196", "name": "Jordan 1 Mids Low OG", "gender": "", "description": "The Air Jordan 1 High 'Shattered Backboard' is one of the most iconic colourways to come out of the Jordan Brand camp. Fortunately, we are about to see the AJ1 low receive the Shattered Backboard treatment, guaranteeing to excite Jordan fans. This version of the AJ1 looks like a true throwback; white leather underlays are contrasted expertly by the eyecatching orange hue across the legendary Jordan panels. You can find the OG wings logo on the heel tab, whilst Nike Swoosh branding features across the lateral and medial sides of the shoe. Underfoot, a traditional Jordan 1 sole unit compliments the uppers perfectly dressed in a white and orange combination. This sole unit houses Nike Air technology, making this the perfect sneaker for the street or the courts", "has_sizes": true, "price": "150.00", "rating": "4.60", "image_url": null, "image": "41.jpg"}}, {"model": "products.product", "pk": 42, "fields": {"category": 13, "sku": "504/197", "name": "Air Jordan 6 Retro Carmine", "gender": "", "description": "Jordan Brand continues its stellar 2021, releasing a retro of the Jordan 6 in Michael Jordan's favourite colourway. The Carmine Jordan 6 has been worn multiple times by MJ himself, so we can all but guarantee these will be a fan favourite. The uppers are composed of a mix of red and white materials, making these the perfect shoe for Chicago Bulls fans. The padded ankle detailing features whilst the heel-pull tab also features in black and red. The iconic Jumpman logo features on the sneaker's heel while the shoe's tongue features the Jumpmana logo and the legendary pull-tab. Underfoot, a retro-looking sole unit houses Nike Air technology. The mix of black, white and silver emphasises the colourway perfectly. An air bubble features reminding all of us that Tinker Hatfield created this iconic silhouette. A real 90s throwback, be sure to add the Carmine to your collection.", "has_sizes": true, "price": "180.00", "rating": "4.60", "image_url": null, "image": "42.jpg"}}, {"model": "products.product", "pk": 44, "fields": {"category": 13, "sku": "504/198", "name": "Jordan 1 Mids", "gender": "", "description": "Jordan 1 Mids", "has_sizes": true, "price": "250.00", "rating": "4.60", "image_url": null, "image": "44.jpg"}}, {"model": "products.product", "pk": 45, "fields": {"category": 13, "sku": "504/199", "name": "Jordan 1 Mids", "gender": "Mens", "description": "Jordan 1 Mids", "has_sizes": true, "price": "250.00", "rating": "4.60", "image_url": null, "image": "45.jpg"}}, {"model": "products.product", "pk": 46, "fields": {"category": 13, "sku": "504/200", "name": "Air Jordan 4 Retro Lightning", "gender": "Mens", "description": "The Air Jordan 4 Retro GS Lightning 2021 is a premium pair of sneakers that no Air Jordan fan will want to miss — and now, in GS styling, smaller shoe sizes can enjoy such a quality design, too. This sneaker is made up of premium suede for a softer look and feel, coloured primarily in an eye-catching mustard yellow. This is balanced out by accents of white and grey, which are included on the midsole. The Air Jordan 4 Retro GS Lightning 2021 design is given extra texture and structure by the caged sidewalls, and you can depend on your usual cushioning with the sole’s Air unit. This is a bold and bright sneaker perfect for summer days that you can pair with any clothing item and make an impression and will be a firm favourite for those who prefer a suede texture to the usual leather.", "has_sizes": true, "price": "250.00", "rating": "4.60", "image_url": null, "image": "46.jpg"}}, {"model": "products.product", "pk": 47, "fields": {"category": 13, "sku": "504/203", "name": "Jordan 1 Mids", "gender": "Mens", "description": "Jordan 1 Mids", "has_sizes": true, "price": "160.00", "rating": "4.60", "image_url": null, "image": "47.jpg"}}, {"model": "products.product", "pk": 48, "fields": {"category": 13, "sku": "504/202", "name": "Jordan 11 Lows", "gender": "Mens", "description": "Jordan 11 Lows", "has_sizes": true, "price": "250.00", "rating": "4.60", "image_url": null, "image": "48.jpg"}}, {"model": "products.product", "pk": 52, "fields": {"category": 13, "sku": "504/204", "name": "Yeezy Boost 350", "gender": "Mens", "description": "Yeezy Boost 350", "has_sizes": true, "price": "230.00", "rating": "4.60", "image_url": null, "image": "52.jpg"}}, {"model": "products.product", "pk": 56, "fields": {"category": 13, "sku": "504/205", "name": "Air Jordan 4 Retro Fire Red 2012", "gender": "Mens", "description": "Did you miss the original release of the Air Jordan Retro Fire Reds? Have no fear, you can get your hands on this iconic colourway with the 2020 re-release of these fantastic sneakers. They’re not called fire red for anything, and the red styling set against the black and white detail work really brings the Air Jordan 4 Retro Fire Red 2012's to life. It’s not just the colouring either; the Air Jordan 4 Retros have always been a fan favourite because they combine great construction that's highly durable, with comfort and support whether you’re playing a game of hoops or kicking it on the street. Don’t miss the Air Jordan 4 Retro Fire Red 2012 sneakers this time around; they sell out quickly, so don't miss your chance to get your hands on a pair!", "has_sizes": true, "price": "250.00", "rating": "4.60", "image_url": null, "image": "56.jpg"}}, {"model": "products.product", "pk": 57, "fields": {"category": 13, "sku": "504/206", "name": "Air Jordan 4 Retro Fire Red 2012", "gender": "Mens", "description": "The Air Jordan 4 Retro cavs ", "has_sizes": true, "price": "250.00", "rating": "4.60", "image_url": null, "image": "57.jpg"}}, {"model": "products.product", "pk": 58, "fields": {"category": 13, "sku": "504/207", "name": "Air Jordan 1 Mid Turf Orange", "gender": "Mens", "description": "", "has_sizes": true, "price": "145.00", "rating": "4.60", "image_url": null, "image": "58.jpg"}}, {"model": "products.product", "pk": 59, "fields": {"category": 13, "sku": "504/208", "name": "Air Jordan 1 Retro High UNC X Off-White", "gender": "Mens", "description": "Taking inspiration from Michael Jordan's alma mater the May 2017 release of the Air Jordan 1 Retro High UNC x Off-White is dressed in a classic blue and white colourway a tribute to its source material and modelled on Virgil Abloh's deconstructed reimagining of the classic Air Jordan 1 silhouette. The detached wings and floating ‘Swoosh' with a touch of colour with exposed orange stitching is a now staple of Virgil's prototype Esq stylings that have become so successful with his Off-White releases. The handmade feel of the shoe and attention to detail makes the quality of this kickstand alone, and his dedication to delivering fresh takes on iconic silhouettes what makes people both reminiscent and excited about every new release.", "has_sizes": true, "price": "545.00", "rating": "4.60", "image_url": null, "image": "59.jpg"}}, {"model": "products.product", "pk": 60, "fields": {"category": 13, "sku": "504/210", "name": "Nike Air Force 1 Low", "gender": "Womens", "description": "Released as part of Nike’s 2021 ‘Toasty’ pack, the Nike Women’s Air Force 1 Pecan Quilt takes the classic AF1 silhouette and elevates it with winter-ready fabrics, autumnal hues and the Air cushioning Nike is famed for. Inspired by wintery puffer jackets, the upper on this Air Force 1 is crafted from quilted fabrics in an orange, beige and brown colourway. Nike’s Swoosh sits in its usual place on the sidewalls and Tinker Hatfield’s Air cushioning is added underfoot to support you where you need it most. The perfect partner to all your chilly-weather outfits, add the Nike Air Force 1 Quilted to your collection while it’s still in stock!", "has_sizes": true, "price": "155.00", "rating": "4.60", "image_url": null, "image": "60.jpg"}}, {"model": "products.product", "pk": 62, "fields": {"category": 13, "sku": "504/211", "name": "Nike Air Force 1 Low Halloween", "gender": "Mens", "description": "", "has_sizes": true, "price": "155.00", "rating": "4.60", "image_url": null, "image": "62.jpg"}}, {"model": "products.product", "pk": 63, "fields": {"category": 13, "sku": "504/212", "name": "Nike Air Force 1 Low Black", "gender": "Mens", "description": "", "has_sizes": true, "price": "155.00", "rating": "4.60", "image_url": null, "image": "63.jpg"}}, {"model": "products.product", "pk": 64, "fields": {"category": 14, "sku": "504/213", "name": "Air Jordan Retro High", "gender": "Womens", "description": "Jordan Brand returns once more with a women's exclusive Air Jordan 1 High, this time coming in an eye-catching court purple colourway. The AJ1 Court Purple features a minimalist white leather upper accentuated by pops of purple throughout. You can find the iconic Swoosh branding features across both lateral and medial sides of the shoe, whilst the Wings logo features on the sneaker's collar. You will also find the Nike Air logo on the shoe's tongue. Underfoot, Nike Air technology runs the length of the white and purple sole unit. This legendary technology guarantees unbeatable comfort whether you are wearing the silhouette on the court or the street. The Court Purple draws clear inspiration from the much anticipated Neutral Grey Air Jordan 1 released in February 2021. Fortunately, the Court Purple comes in smaller sizes giving everyone a chance to pick up a pair.", "has_sizes": true, "price": "155.00", "rating": "4.60", "image_url": null, "image": "200.jpg"}}, {"model": "products.product", "pk": 65, "fields": {"category": 14, "sku": "504/221", "name": "Air Jordan 1 Mid", "gender": "Womens", "description": "The Nike Dunk continues its pursuit of world domination with one of the best colourways we have seen. Drawing clear inspiration from the infamous UNC Jordans, we expect the White Aluminium Dunk to be a fan favourite. The uppers come crafted from premium leathers throughout, with white underlays contrasted by a powder blue hue covering the iconic Dunk paneling. Nike Swoosh branding features across both lateral and medial sides of the sneaker whilst a Nike Air logo features on the shoe's tongue. Down below, a traditional Dunk sole unit mirrors the uppers colourway and houses Nike Air technology. This technology has solidified the Dunks place as one of the most comfortable sneakers around and is one of the reasons skateboarders adopted the silhouette.", "has_sizes": true, "price": "155.00", "rating": "4.60", "image_url": null, "image": "208.jpg"}}, {"model": "products.product", "pk": 66, "fields": {"category": 14, "sku": "504/222", "name": "Air Jordan Dunk Low", "gender": "Womens", "description": "Nike continues to push unbelievable colourways of its iconic Dunk silhouette, with the upcoming Laser Orange version perfect for the upcoming Summer months. The classic colour block combination is ever-present on this take of the Nike Dunk, with premium white leather underlays making up the foundation of the sneaker. The instantly recognisable panelling features in Laser Orange, making this one of the more eye-catching Nike Dunks to release. Other legendary Dunk details feature, such as the perforated toe box and Nike Air branding on the heel tab and tongue. You can also find swoosh detailing on the lateral and medial sides of the shoe. Underfoot, an original Dunk sole unit features in the same white and orange colour combination. This sole unit houses Nike Air technology making this one of the most comfortable sneakers on the market. An absolute must-have for sneakerheads worldwide", "has_sizes": true, "price": "155.00", "rating": "4.60", "image_url": null, "image": "209.jpg"}}, {"model": "products.product", "pk": 67, "fields": {"category": 14, "sku": "504/223", "name": "Air Jordan 1 Low", "gender": "Womens", "description": "Nike is continuing with its earth-conscious mission, this time infusing 2021’s favourite silhouette with its Move to Zero fabrication. A sneaker that looks good and does good, the Nike Dunk Low Move to Zero Pink Womens combines crowd-favourite pastel hues with expertly designed cushioning and environmentally friendly materials. Unlike most other Nike Move to Zero offerings - which usually sport an earthy look and speckled sole - this Dunk stays true to Peter Moore’s original 1985 design with its perforated toe box, Swoosh branding and fabric tongue. The light grey outsole is the only hint that this kick is made with sustainability in mind, so you can do some good for the planet without sacrificing style. A key addition to your every-season rotation, a good-deed glow comes free with this Nike Dunk Low Move to Zero Pink.", "has_sizes": true, "price": "155.00", "rating": "4.60", "image_url": null, "image": "210.jpg"}}, {"model": "products.product", "pk": 68, "fields": {"category": 14, "sku": "504/224", "name": "Air Jordan 1 Mid", "gender": "Womens", "description": "", "has_sizes": true, "price": "155.00", "rating": "4.60", "image_url": null, "image": "211.jpg"}}, {"model": "products.product", "pk": 69, "fields": {"category": 14, "sku": "504/225", "name": "Air Jordan 1 Mid", "gender": "Womens", "description": "", "has_sizes": true, "price": "155.00", "rating": "4.60", "image_url": null, "image": "212.jpg"}}, {"model": "products.product", "pk": 70, "fields": {"category": 14, "sku": "504/226", "name": "Air Jordan 11 Retro Low", "gender": "Womens", "description": "", "has_sizes": true, "price": "210.00", "rating": "4.60", "image_url": null, "image": "213.jpg"}}, {"model": "products.product", "pk": 71, "fields": {"category": 14, "sku": "504/227", "name": "Air Jordan 1 Mid", "gender": "Womens", "description": "", "has_sizes": true, "price": "155.00", "rating": "4.60", "image_url": null, "image": "214.jpg"}}, {"model": "products.product", "pk": 72, "fields": {"category": 14, "sku": "504/228", "name": "Air Jordan 1 Mid", "gender": "Womens", "description": "This pair of Air Jordan 1 Mid Multi Patent Womens combines not only a variety of colours but also a variety of fabric textures. This pair of sneakers comes with a colour palette bordering on retro vibes, with a vibrant combination of red, green, blue, grey, and orange, as well as an elegant black panelling that helps the other colours to stand out. The textured and layered appearance of this versatile sneaker is also made more interesting by the inclusion of glossy black leather as well as the coloured panels. The Nike swoosh stands out prominently in white against the rainbow of colours, and this works to match the white outer sole, which is cushioned for maximum comfort. Black laces work cohesively to run into the black leather panels, and the grey tongue adds a contrast at the top of the Womens Air Jordan 1 Mid Multi Patent.", "has_sizes": true, "price": "155.00", "rating": "4.60", "image_url": null, "image": "215.jpg"}}, {"model": "products.product", "pk": 73, "fields": {"category": 14, "sku": "504/229", "name": "Air Jordan 1 Mid", "gender": "Womens", "description": "", "has_sizes": true, "price": "155.00", "rating": "4.60", "image_url": null, "image": "216.jpg"}}, {"model": "products.product", "pk": 74, "fields": {"category": 14, "sku": "504/230", "name": "Air Jordan 1 Mid", "gender": "Womens", "description": "", "has_sizes": true, "price": "155.00", "rating": "4.60", "image_url": null, "image": "217.jpg"}}, {"model": "products.product", "pk": 75, "fields": {"category": 14, "sku": "504/231", "name": "Air Jordan 1 Mid", "gender": "Womens", "description": "", "has_sizes": true, "price": "155.00", "rating": "4.60", "image_url": null, "image": "218.jpg"}}, {"model": "products.product", "pk": 76, "fields": {"category": 14, "sku": "504/232", "name": "Air Jordan 1 Mid", "gender": "Womens", "description": "", "has_sizes": true, "price": "155.00", "rating": "4.60", "image_url": null, "image": "219.jpg"}}, {"model": "products.product", "pk": 77, "fields": {"category": 14, "sku": "504/233", "name": "Air Jordan 1 Mid", "gender": "Womens", "description": "", "has_sizes": true, "price": "155.00", "rating": "4.60", "image_url": null, "image": "220.jpg"}}, {"model": "products.product", "pk": 78, "fields": {"category": 14, "sku": "504/234", "name": "Air Jordan 1 Mid", "gender": "Womens", "description": "", "has_sizes": true, "price": "155.00", "rating": "4.60", "image_url": null, "image": "221.jpg"}}, {"model": "products.product", "pk": 79, "fields": {"category": 14, "sku": "504/235", "name": "Air Jordan 1 Mid", "gender": "Womens", "description": "The Air Jordan 1 Mid SE Particle Beige Womens brings together the classic Air Jordan design with its stand-out elements, including the lightweight cushioning you’ve come to know and love. Comfort meets classic and soft beige in this sneaker. The mix of textures and leathers with the design of the Womens Air Jordan 1 Mid SE Particle Beige means a look that works cohesively together whilst offering a variety of shades and patterns. The various shades of beige attractively contrast with the white and black touches, which work to finish off this stylish pair of Air Jordans. The must-have black Nike swoosh stands out boldly against the softer tones of beige, and the black bordering along the top gives it a perfectly accentuated shape to work well with any outfit. The tan-coloured sole of the Air Jordan 1 Mid SE Particle Beige Womens finishes off this warm and versatile design", "has_sizes": true, "price": "115.00", "rating": "4.60", "image_url": null, "image": "222.jpg"}}, {"model": "products.product", "pk": 80, "fields": {"category": 14, "sku": "504/236", "name": "Air Jordan 1 Mid", "gender": "Womens", "description": "", "has_sizes": true, "price": "155.00", "rating": "4.60", "image_url": null, "image": "223.jpg"}}, {"model": "products.product", "pk": 81, "fields": {"category": 14, "sku": "504/237", "name": "Air Jordan 11", "gender": "Womens", "description": "Celebrating the iconic silhouettes 25th Birthday, we see the Jordan 11 release in a limited-edition Anniversary colourway. The sneaker made famous by Michael Jordan way back in 1995, this Jordan 11 is certain to turn the heads of passers-by. The sneaker comes composed from a mix of patent leather, mesh and natural leathers with these premium materials ensuring you get that luxurious vibe. You will find the iconic Jumpman logo on the heels of the shoe, coming in shiny, silver metal. In a further nod to the OG silhouette, Jordan lettering features on the shoe eyelets. One noticeable switch up, however, is the number 23 changes to 25 in honour of the anniversary. Underfoot, a white midsole is finished off with a translucent outsole. This sole houses Nike Air technology that will give you optimum comfort whether you are on the court or the street. This 25th Anniversary sneaker is most definitely going to hit grail status amongst Jordan enthusiasts, be sure to add them to your collection.", "has_sizes": true, "price": "155.00", "rating": "4.60", "image_url": null, "image": "224.jpg"}}, {"model": "products.product", "pk": 82, "fields": {"category": 14, "sku": "504/238", "name": "Air Jordan 1 Mid", "gender": "Womens", "description": "The Jordan 1 Mid that for many put the silhouette on the map. A restock of one of the greatest Jordan 1 Mids is looming, and we could not be more excited. Melody Ehsani is a legendary designer from LA and put her stamp on the AJ1 back in 2019; the sneaker was an instant classic, so we are ecstatic to see the shoe re-releasing. The sneakers are perfectly mismatched, complete opposites of each other, but somehow it absolutely works. The left comes in a palette of greens and blues, whilst the right is composed of reds and oranges mostly. We see watch faces feature across the shoe's laces whilst graffiti working features around the outsole of each shoe. That same outsole houses the legendary Nike Air technology to guarantee unparalleled comfort wear after wear. This sneaker absolutely flew from the shelves the first time around and has been somewhat of a grail for many since. Don't make the same mistake twice; add this sneaker to your collection toda", "has_sizes": true, "price": "155.00", "rating": "4.60", "image_url": null, "image": "225.jpg"}}, {"model": "products.product", "pk": 83, "fields": {"category": 14, "sku": "504/239", "name": "Air Jordan 6 Retro Gold", "gender": "Womens", "description": "This design for the Air Jordan 6s still remains true to Michael Jordan’s sixth sneaker style while offering a retro and gold update. The Air Jordan 6 Retro Gold Hoops sneaker, while embracing the timeless silhouette, includes tumbled leather panelling throughout in clean white. The sneaker includes layered panels to bring a textured look to the overall shoe, and the fresh white is balanced out by subtle inclusions of baby pink and metallic gold, all of which work perfectly together. This metallic gold is more prominently included on the gold hoops which are attached to the lacing panel. These gold hoops also include the Jumpman logo hanging down in an attractive accessory. The sole of the Air Jordan 6 Retro Gold Hoops combines an Air-cushioned midsole and a translucent rubber outer sole, both of which are built for maximum comfort", "has_sizes": true, "price": "155.00", "rating": "4.60", "image_url": null, "image": "226.jpg"}}, {"model": "products.product", "pk": 84, "fields": {"category": 14, "sku": "504/240", "name": "Air Jordan 1 Mid", "gender": "Womens", "description": "The Air Jordan 1 Mid has been on a quest for sneaker domination over the last few years, with the latest colourway releasing, the Laser Orange, guaranteed to excite fans of the silhouette. Jordan Brand has taken this design slightly differently, with the iconic panelling on the shoe coming perforated in a unique twist we haven't seen too often. The ankle collar and toe box feature in the Laser Orange hue, whilst the underlay of the swoosh features in white. The legendary swoosh comes in black, whilst the wing logo features on the ankle collar in black. Underfoot, an OG Air Jordan 1 sole unit, featuring a white midsole and black outsole. This sole unit houses Nike Air technology that guarantees comfort whether you are wearing them on the court or the street. A must-have sneaker for any collector looking to turn heads this Summer, be sure to pick up a pair before its too late.", "has_sizes": true, "price": "155.00", "rating": "4.60", "image_url": null, "image": "227.jpg"}}, {"model": "products.product", "pk": 85, "fields": {"category": 14, "sku": "504/241", "name": "Air Jordan 1 Mid", "gender": "Womens", "description": "Add a splash of bright and warm citrus to your next pair of sneakers with this fun and summer-themed pair of Air Jordan 1 Mid SE Bright Citrus Womens. If you’re a fan of dependable white sneakers, then add a touch of bright colour with this rich citrus shade showcased on the side leather panels and the front toe box — complete with air holes for full breathability, too. Your Nike swoosh is printed in clean white against a backdrop of lively citrus, and to contrast, the Air Jordan wings logo is stamped in orange against white. White laces with a subtle stitching effect complete the fresh and clean look, with cushioned comfort and support at all times with the Nike Air sole. Clean white panelling and midsole around the bottom of the sneaker break up the bright citrus shade of the Womens Air Jordan 1 Mid SE Bright Citrus", "has_sizes": true, "price": "155.00", "rating": "4.60", "image_url": null, "image": "228.jpg"}}, {"model": "products.product", "pk": 86, "fields": {"category": 14, "sku": "504/242", "name": "Air Jordan 1 Mid", "gender": "Womens", "description": "The Air Jordan 1 Mid Chicago Toe is one of the most classic colourways in the collection. Featuring the iconic swoosh and wings logo on the side panels of the shoe. The premium feel of the black, red and white leather combination on the Jordan 1 Mid Chicago Toe makes it a perfect addition to any sneakerhead's collection", "has_sizes": true, "price": "155.00", "rating": "4.60", "image_url": null, "image": "229.jpg"}}, {"model": "products.product", "pk": 87, "fields": {"category": 14, "sku": "504/243", "name": "Air Jordan 1 Low", "gender": "Womens", "description": "", "has_sizes": true, "price": "155.00", "rating": "4.60", "image_url": null, "image": "230.jpg"}}, {"model": "products.product", "pk": 88, "fields": {"category": 20, "sku": "504/245", "name": "Blue Molly Mid Rise Skinny Jeans", "gender": "Womens", "description": "Made from innovative, stretch denim with a Skinny fit and Bum sculpt denimid riseButton.", "has_sizes": true, "price": "45.00", "rating": "4.60", "image_url": null, "image": "jeans_1.jpg"}}, {"model": "products.product", "pk": 89, "fields": {"category": 20, "sku": "504/246", "name": "Beige Molly Mid Rise Skinny Jeans", "gender": "Womens", "description": "Made from innovative, stretch denim with a Skinny fit and Bum sculpt denimid riseButton.", "has_sizes": true, "price": "45.00", "rating": "4.60", "image_url": null, "image": "jeans_2.jpg"}}, {"model": "products.product", "pk": 90, "fields": {"category": 20, "sku": "504/247", "name": "Blue Molly Mid Rise Skinny Jeans", "gender": "Womens", "description": "Made from innovative, stretch denim with a Skinny fit and Bum sculpt denimid riseButton.", "has_sizes": true, "price": "45.00", "rating": "4.60", "image_url": null, "image": "jeans_3.jpg"}}, {"model": "products.product", "pk": 91, "fields": {"category": 20, "sku": "504/248", "name": "Black Molly Mid Rise Skinny Jeans", "gender": "Womens", "description": "Made from innovative, stretch denim with a Skinny fit and Bum sculpt denimid riseButton.", "has_sizes": true, "price": "45.00", "rating": "4.60", "image_url": null, "image": "jeans_4.jpg"}}, {"model": "products.product", "pk": 92, "fields": {"category": 20, "sku": "504/249", "name": "Blue Molly Mid Rise Skinny Jeans", "gender": "Womens", "description": "Made from innovative, stretch denim with a Skinny fit and Bum sculpt denimid riseButton.", "has_sizes": true, "price": "45.00", "rating": "4.60", "image_url": null, "image": "jeans_5.jpg"}}, {"model": "products.product", "pk": 93, "fields": {"category": 20, "sku": "504/250", "name": "Blue Molly Mid Rise Skinny Jeans", "gender": "Womens", "description": "Made from innovative, stretch denim with a Skinny fit and Bum sculpt denimid riseButton.", "has_sizes": true, "price": "46.00", "rating": "4.60", "image_url": null, "image": "jeans_6.jpg"}}, {"model": "products.product", "pk": 94, "fields": {"category": 20, "sku": "504/251", "name": "Blue Molly Mid Rise Skinny Jeans", "gender": "Womens", "description": "Made from innovative, stretch denim with a Skinny fit and Bum sculpt denimid riseButton.", "has_sizes": true, "price": "46.00", "rating": "4.60", "image_url": null, "image": "jeans_7.jpg"}}, {"model": "products.product", "pk": 95, "fields": {"category": 20, "sku": "504/252", "name": "Pink Molly Mid Rise Skinny Jeans", "gender": "Womens", "description": "Made from innovative, stretch denim with a Skinny fit and Bum sculpt denim rise Button.", "has_sizes": true, "price": "55.00", "rating": "4.60", "image_url": null, "image": "jeans_8.jpg"}}, {"model": "products.product", "pk": 96, "fields": {"category": 20, "sku": "504/253", "name": "Blue Skinny Jeans", "gender": "Womens", "description": "Blue Skinny Jeans", "has_sizes": true, "price": "55.00", "rating": "4.60", "image_url": null, "image": "130.jpg"}}, {"model": "products.product", "pk": 98, "fields": {"category": 19, "sku": "504/255", "name": "Nike", "gender": "Womens", "description": "Red Nike Track Top", "has_sizes": true, "price": "55.00", "rating": "4.60", "image_url": null, "image": "121.jpg"}}, {"model": "products.product", "pk": 99, "fields": {"category": 19, "sku": "504/256", "name": "Puma", "gender": "Womens", "description": "White Women's Puma Hoodie", "has_sizes": true, "price": "55.00", "rating": "4.60", "image_url": null, "image": "703.jpg"}}, {"model": "products.product", "pk": 100, "fields": {"category": 19, "sku": "504/257", "name": "Adidas", "gender": "Womens", "description": "Adidas Tracksuit", "has_sizes": true, "price": "55.00", "rating": "4.60", "image_url": null, "image": "100.jpg"}}, {"model": "products.product", "pk": 101, "fields": {"category": 19, "sku": "504/258", "name": "Adidas", "gender": "Womens", "description": "Adidas Tracksuit Bottoms", "has_sizes": true, "price": "55.00", "rating": "4.60", "image_url": null, "image": "102.jpg"}}, {"model": "products.product", "pk": 102, "fields": {"category": 19, "sku": "504/259", "name": "Nike", "gender": "Womens", "description": "Black Nike Hoodie", "has_sizes": true, "price": "55.00", "rating": "4.60", "image_url": null, "image": "104.jpg"}}, {"model": "products.product", "pk": 103, "fields": {"category": 19, "sku": "504/260", "name": "Nike", "gender": "Womens", "description": "Nike T-Shirt", "has_sizes": true, "price": "55.00", "rating": "4.60", "image_url": null, "image": "107.jpg"}}, {"model": "products.product", "pk": 104, "fields": {"category": 19, "sku": "504/261", "name": "Adidas", "gender": "Womens", "description": "Nike Sports Top", "has_sizes": true, "price": "55.00", "rating": "4.60", "image_url": null, "image": "108.jpg"}}, {"model": "products.product", "pk": 105, "fields": {"category": 19, "sku": "504/262", "name": "Nike", "gender": "Womens", "description": "Nike Top", "has_sizes": true, "price": "55.00", "rating": "4.60", "image_url": null, "image": "111.jpg"}}, {"model": "products.product", "pk": 106, "fields": {"category": 19, "sku": "504/263", "name": "Puma", "gender": "Womens", "description": "Puma", "has_sizes": true, "price": "55.00", "rating": "4.60", "image_url": null, "image": "117_nO5i9S4.jpg"}}, {"model": "products.product", "pk": 107, "fields": {"category": 19, "sku": "504/264", "name": "Nike", "gender": "Womens", "description": "Nike Tracksuit", "has_sizes": true, "price": "55.00", "rating": "4.60", "image_url": null, "image": "120.jpg"}}, {"model": "products.product", "pk": 108, "fields": {"category": 19, "sku": "504/265", "name": "Puma", "gender": "Womens", "description": "Puma", "has_sizes": true, "price": "55.00", "rating": "4.60", "image_url": null, "image": "125.jpg"}}, {"model": "products.product", "pk": 109, "fields": {"category": 19, "sku": "504/266", "name": "Nike", "gender": "Womens", "description": "Nike Tracksuit", "has_sizes": true, "price": "55.00", "rating": "4.60", "image_url": null, "image": "126_F78xL7b.jpg"}}, {"model": "products.product", "pk": 110, "fields": {"category": 19, "sku": "504/267", "name": "Nike", "gender": "Womens", "description": "Nike Tracksuit", "has_sizes": true, "price": "55.00", "rating": "4.60", "image_url": null, "image": "114.jpg"}}, {"model": "products.product", "pk": 111, "fields": {"category": 19, "sku": "504/268", "name": "Nike", "gender": "Womens", "description": "Nike Tracksuit", "has_sizes": true, "price": "55.00", "rating": "4.60", "image_url": null, "image": "115.jpg"}}, {"model": "products.product", "pk": 112, "fields": {"category": 9, "sku": "504/269", "name": "boss", "gender": "mens", "description": "T-Shirt", "has_sizes": true, "price": "55.00", "rating": "4.60", "image_url": null, "image": "menwear-9.jpg"}}, {"model": "products.product", "pk": 113, "fields": {"category": 9, "sku": "504/270", "name": "Adidas", "gender": "mens", "description": "T-Shirt", "has_sizes": true, "price": "55.00", "rating": "4.60", "image_url": null, "image": "menwear-1.jpg"}}, {"model": "products.product", "pk": 115, "fields": {"category": 9, "sku": "504/272", "name": "boss", "gender": "mens", "description": "T-Shirt", "has_sizes": true, "price": "55.00", "rating": "4.60", "image_url": null, "image": "menwear-6.jpg"}}, {"model": "products.product", "pk": 116, "fields": {"category": 9, "sku": "504/273", "name": "boss", "gender": "mens", "description": "T-Shirt", "has_sizes": true, "price": "55.00", "rating": "4.60", "image_url": null, "image": "menwear-8.jpg"}}, {"model": "products.product", "pk": 117, "fields": {"category": 9, "sku": "504/274", "name": "Nike", "gender": "mens", "description": "T-Shirt", "has_sizes": true, "price": "55.00", "rating": "4.60", "image_url": null, "image": "menwear-12.jpg"}}, {"model": "products.product", "pk": 118, "fields": {"category": 9, "sku": "504/275", "name": "Timberland", "gender": "mens", "description": "T-Shirt", "has_sizes": true, "price": "55.00", "rating": "4.60", "image_url": null, "image": "menwear-11.jpg"}}, {"model": "products.product", "pk": 125, "fields": {"category": 11, "sku": "504/316", "name": "MCM", "gender": "Unisex", "description": "MCM Bag", "has_sizes": false, "price": "1200.00", "rating": "5.00", "image_url": null, "image": "905_T9zR4Bn.jpg"}}, {"model": "products.product", "pk": 126, "fields": {"category": 11, "sku": "504/317", "name": "MCM", "gender": "Unisex", "description": "A micro sized version of the iconic Stark Backpack, it's crafted in signature Visetos coated canvas with a luxurious nappa leather trim and edgy studded details. Fits most iPhones, and all your essentials.", "has_sizes": false, "price": "1300.00", "rating": "4.50", "image_url": null, "image": "906_ZNtmgqt.jpg"}}, {"model": "products.product", "pk": 127, "fields": {"category": 19, "sku": "504/318", "name": "Vans", "gender": "Womens", "description": "Women's Vans suit", "has_sizes": true, "price": "65.00", "rating": "3.00", "image_url": null, "image": "123_aydU65P.jpg"}}, {"model": "products.product", "pk": 128, "fields": {"category": 11, "sku": "504/319", "name": "MCM backpack", "gender": "Unisex", "description": "The signature studded MCM backpack, fashioned in Candy Red Visetos and nappa leather.\r\nA sweet spin on a passionate colorway, the Candy Red line sets the tone by uniting scarlet Visetos and nappa leather. An uncompromising merger of form and function, the Stark backpack features multiple exterior pockets as well as polished side stud embellishments. Made for the modern global nomad, the soft cotton twill interior features spacious compartments for your laptop and tablet.", "has_sizes": false, "price": "775.00", "rating": "5.00", "image_url": null, "image": "916_1wWlqmv.jpg"}}, {"model": "products.product", "pk": 129, "fields": {"category": 11, "sku": "504/320", "name": "MCM", "gender": "Unisex", "description": "Fashioned in multi-colored Visetos coated canvas and nappa leather, the Stark backpack is a striking icon of portability. The tricolor monogram is met by a minimalist MCM logo cast in matte black metal on the front. Secured by a two-way zip closure, the soft cotton twill interior features an open pocket and sleeve for your laptop and tablet.", "has_sizes": false, "price": "795.00", "rating": "5.00", "image_url": null, "image": "950.jpg"}}, {"model": "products.product", "pk": 130, "fields": {"category": 11, "sku": "504/321", "name": "MCM", "gender": "Unisex", "description": "This rendition of a portable legend is framed by an embossed monogram on all sides. A multitude of pockets—including a sleeve for laptops and tablets—offer lush surroundings for all of your belongings.", "has_sizes": false, "price": "925.00", "rating": "4.00", "image_url": null, "image": "951.jpg"}}, {"model": "products.product", "pk": 131, "fields": {"category": 11, "sku": "504/322", "name": "MCM", "gender": "Mens", "description": "MCM", "has_sizes": false, "price": "920.00", "rating": "5.00", "image_url": null, "image": "960.jpg"}}, {"model": "products.product", "pk": 132, "fields": {"category": 11, "sku": "504/322", "name": "MCM", "gender": "Womens", "description": "MCM Bag", "has_sizes": false, "price": "975.00", "rating": "4.00", "image_url": null, "image": "909_9hxwspr.jpg"}}, {"model": "products.product", "pk": 133, "fields": {"category": 12, "sku": "604/001", "name": "MCM", "gender": "Mens", "description": "MCM mens Coat", "has_sizes": true, "price": "800.00", "rating": "5.00", "image_url": null, "image": "903_k2pjG20.jpg"}}, {"model": "products.product", "pk": 134, "fields": {"category": 18, "sku": "604/002", "name": "Puma", "gender": "Mens", "description": "Puma Sweatshirt", "has_sizes": true, "price": "35.00", "rating": "4.00", "image_url": null, "image": "402_sD2oO31.jpg"}}, {"model": "products.product", "pk": 135, "fields": {"category": 18, "sku": "604/003", "name": "Puma", "gender": "Mens", "description": "Men's green sweatshirt top by puma is this falls choice wear", "has_sizes": true, "price": "50.00", "rating": "5.00", "image_url": null, "image": "404_r702YkL.jpg"}}, {"model": "products.product", "pk": 136, "fields": {"category": 12, "sku": "624/749", "name": "MCM", "gender": "Mens", "description": "MCM Coat", "has_sizes": false, "price": "300.00", "rating": "5.00", "image_url": null, "image": "903_kgD5rjY.jpg"}}, {"model": "products.product", "pk": 137, "fields": {"category": 6, "sku": "548/741", "name": "Boss", "gender": "Mens", "description": "Boss ripped men's jeans", "has_sizes": true, "price": "50.00", "rating": "4.00", "image_url": null, "image": "301_dsK43Id.jpg"}}, {"model": "products.product", "pk": 138, "fields": {"category": 6, "sku": "469/785", "name": "Boss", "gender": "Mens", "description": "Mens Jeans", "has_sizes": true, "price": "55.00", "rating": "5.00", "image_url": null, "image": "302_dqnc692.jpg"}}, {"model": "products.product", "pk": 139, "fields": {"category": 16, "sku": "668/552", "name": "MCM", "gender": "Unisex", "description": "MCM Cap", "has_sizes": false, "price": "30.00", "rating": "3.00", "image_url": null, "image": "915_sDspjzh.jpg"}}, {"model": "products.product", "pk": 140, "fields": {"category": 6, "sku": "622/877", "name": "Men ripped jeans", "gender": "Men", "description": "Men ripped jeans", "has_sizes": false, "price": "50.00", "rating": "3.00", "image_url": null, "image": "304_0QFuWSX.jpg"}}, {"model": "checkout.order", "pk": 1, "fields": {"order_number": "876C794F1CBE4A73B73330794B96E37D", "user_profile": null, "full_name": "Alex Johnson", "email": "alex_johnson@yahoo.com", "phone_number": "794552211", "country": "United Kingdom", "postcode": "SM4 5DJ", "town_or_city": "London", "street_address1": "Flat 52, blackball Street", "street_address2": null, "county": "UK", "date": "2021-12-03T19:29:56.258Z", "delivery_cost": "0.00", "order_total": "0.00", "grand_total": "0.00", "original_bag": "", "stripe_pid": ""}}, {"model": "checkout.order", "pk": 2, "fields": {"order_number": "A3C130E4EA244844A162DA355BF1DF25", "user_profile": null, "full_name": "Alex Johnson", "email": "alex_johnson@yahoo.com", "phone_number": "794552211", "country": "United Kingdom", "postcode": "SM4 5DJ", "town_or_city": "London", "street_address1": "Flat 52, blackball Street", "street_address2": null, "county": "UK", "date": "2021-12-03T19:31:40.249Z", "delivery_cost": "0.00", "order_total": "2759.99", "grand_total": "2759.99", "original_bag": "", "stripe_pid": ""}}, {"model": "checkout.order", "pk": 3, "fields": {"order_number": "3787F8DA6B55406FA8714959E85FADB8", "user_profile": null, "full_name": "MR Smith", "email": "mrsmith_johnson@yahoo.com", "phone_number": "794552211", "country": "US", "postcode": "425 451", "town_or_city": "London", "street_address1": "Flat 52, blackball Street", "street_address2": null, "county": "LA", "date": "2021-12-04T13:56:53.847Z", "delivery_cost": "0.00", "order_total": "0.00", "grand_total": "0.00", "original_bag": "", "stripe_pid": ""}}, {"model": "checkout.order", "pk": 4, "fields": {"order_number": "C8F2DC660F43421BB2C9DEBF51956CD0", "user_profile": null, "full_name": "Alex Johnson", "email": "alex_johnson@yahoo.com", "phone_number": "794552211", "country": "United Kingdom", "postcode": "CR4 5ED", "town_or_city": "London", "street_address1": "Flat 52, blackball Street", "street_address2": null, "county": "UK", "date": "2021-12-04T14:35:59.418Z", "delivery_cost": "0.00", "order_total": "509.99", "grand_total": "509.99", "original_bag": "", "stripe_pid": ""}}, {"model": "checkout.order", "pk": 5, "fields": {"order_number": "EAFEF30FC7194549AC6FE6C08D806B7C", "user_profile": null, "full_name": "Alex Johnson", "email": "alex_johnson@yahoo.com", "phone_number": "794552211", "country": "United Kingdom", "postcode": "CR4 5ED", "town_or_city": "London", "street_address1": "Flat 52, blackball Street", "street_address2": null, "county": "UK", "date": "2021-12-04T14:42:26.698Z", "delivery_cost": "0.00", "order_total": "1135.00", "grand_total": "1135.00", "original_bag": "", "stripe_pid": ""}}, {"model": "checkout.order", "pk": 6, "fields": {"order_number": "FC3487A6050348AC828ABBA75B5C8A39", "user_profile": null, "full_name": "Alex Johnson", "email": "alex_johnson@yahoo.com", "phone_number": "794552211", "country": "United Kingdom", "postcode": "CR4 5ED", "town_or_city": "London", "street_address1": "Flat 52, blackball Street", "street_address2": null, "county": "UK", "date": "2021-12-04T15:00:15.635Z", "delivery_cost": "0.00", "order_total": "1290.00", "grand_total": "1290.00", "original_bag": "", "stripe_pid": ""}}, {"model": "checkout.order", "pk": 7, "fields": {"order_number": "56F2400B409549268186F806D7037156", "user_profile": null, "full_name": "Alex Johnson", "email": "alex_johnson@yahoo.com", "phone_number": "794552211", "country": "United Kingdom", "postcode": "CR4 5ED", "town_or_city": "London", "street_address1": "Flat 52, blackball Street", "street_address2": null, "county": "UK", "date": "2021-12-04T15:02:16.446Z", "delivery_cost": "0.00", "order_total": "130.00", "grand_total": "130.00", "original_bag": "", "stripe_pid": ""}}, {"model": "checkout.order", "pk": 8, "fields": {"order_number": "C63D1CE7856148DBAA5BF52A65E81075", "user_profile": null, "full_name": "Alex Johnson", "email": "alex_johnson@yahoo.com", "phone_number": "794552211", "country": "United Kingdom", "postcode": "CR4 5ED", "town_or_city": "London", "street_address1": "Flat 52, blackball Street", "street_address2": null, "county": "UK", "date": "2021-12-04T15:12:58.904Z", "delivery_cost": "0.00", "order_total": "150.00", "grand_total": "150.00", "original_bag": "", "stripe_pid": ""}}, {"model": "checkout.order", "pk": 9, "fields": {"order_number": "9ECC6569ADB24CA7A969A611C2140983", "user_profile": null, "full_name": "Alex Johnson", "email": "alex_johnson@yahoo.com", "phone_number": "794552211", "country": "United Kingdom", "postcode": "CR4 5ED", "town_or_city": "London", "street_address1": "Flat 52, blackball Street", "street_address2": null, "county": "UK", "date": "2021-12-04T18:10:06.008Z", "delivery_cost": "0.00", "order_total": "610.99", "grand_total": "610.99", "original_bag": "", "stripe_pid": ""}}, {"model": "checkout.order", "pk": 10, "fields": {"order_number": "A2A16328AB9C4DA9B466F9419779727E", "user_profile": null, "full_name": "Alex Johnson", "email": "alex_johnson@yahoo.com", "phone_number": "703 Evergreen", "country": "GB", "postcode": "CR4 5ED", "town_or_city": "London", "street_address1": "blackball Street", "street_address2": "57575", "county": "London", "date": "2021-12-04T19:15:58.680Z", "delivery_cost": "0.00", "order_total": "795.00", "grand_total": "795.00", "original_bag": "", "stripe_pid": ""}}, {"model": "checkout.order", "pk": 11, "fields": {"order_number": "EA97EDF108D0463DB953E4A7052BD9EE", "user_profile": null, "full_name": "Alex Johnson", "email": "alex_johnson@yahoo.com", "phone_number": "794552211", "country": "GB", "postcode": "CR4 5ED", "town_or_city": "London", "street_address1": "Flat 52, blackball Street", "street_address2": null, "county": "UK", "date": "2021-12-04T19:34:39.470Z", "delivery_cost": "0.00", "order_total": "305.00", "grand_total": "305.00", "original_bag": "", "stripe_pid": ""}}, {"model": "checkout.order", "pk": 12, "fields": {"order_number": "4A0A3163FF37401EAE73F7FCD72F7479", "user_profile": null, "full_name": "Alex Johnson", "email": "alex_johnson@yahoo.com", "phone_number": "794552211", "country": "GB", "postcode": "CR4 5ED", "town_or_city": "London", "street_address1": "Flat 52, blackball Street", "street_address2": null, "county": "UK", "date": "2021-12-04T19:52:37.835Z", "delivery_cost": "0.00", "order_total": "150.00", "grand_total": "150.00", "original_bag": "", "stripe_pid": ""}}, {"model": "checkout.order", "pk": 13, "fields": {"order_number": "0C17D50B9CD546A5B3EBE5AAD5ECEEB4", "user_profile": null, "full_name": "James Jackson", "email": "james_jackson@yahoo.com", "phone_number": "794552211", "country": "GB", "postcode": "CR4 5ED", "town_or_city": "London", "street_address1": "Flat 52, blackball Street", "street_address2": null, "county": "UK", "date": "2021-12-07T13:34:00.213Z", "delivery_cost": "0.00", "order_total": "785.00", "grand_total": "785.00", "original_bag": "", "stripe_pid": ""}}, {"model": "checkout.order", "pk": 14, "fields": {"order_number": "8A6DF276112241BB97DA36732374A037", "user_profile": null, "full_name": "Alex Johnson", "email": "alex_johnson@yahoo.com", "phone_number": "794552211", "country": "GB", "postcode": "CR4 5ED", "town_or_city": "London", "street_address1": "Flat 52, blackball Street", "street_address2": null, "county": "UK", "date": "2021-12-07T14:44:08.327Z", "delivery_cost": "0.00", "order_total": "280.00", "grand_total": "280.00", "original_bag": "", "stripe_pid": ""}}, {"model": "checkout.order", "pk": 15, "fields": {"order_number": "17C3235F8155413588117312989A1758", "user_profile": null, "full_name": "Alex Johnson", "email": "alex_johnson@yahoo.com", "phone_number": "794552211", "country": "GB", "postcode": "CR4 5ED", "town_or_city": "London", "street_address1": "Flat 52, blackball Street", "street_address2": null, "county": "UK", "date": "2021-12-07T14:45:18.332Z", "delivery_cost": "0.00", "order_total": "150.00", "grand_total": "150.00", "original_bag": "", "stripe_pid": ""}}, {"model": "checkout.order", "pk": 16, "fields": {"order_number": "F69C7B55949343A8B27E0441F05C7A96", "user_profile": null, "full_name": "Alex Johnson", "email": "alex_johnson@yahoo.com", "phone_number": "794552211", "country": "GB", "postcode": "CR4 5ED", "town_or_city": "London", "street_address1": "Flat 52, blackball Street", "street_address2": null, "county": "UK", "date": "2021-12-07T14:46:31.630Z", "delivery_cost": "0.00", "order_total": "659.99", "grand_total": "659.99", "original_bag": "", "stripe_pid": ""}}, {"model": "checkout.order", "pk": 17, "fields": {"order_number": "76670734445948AD99F31969300C65F6", "user_profile": null, "full_name": "Alex Johnson", "email": "alex_johnson@yahoo.com", "phone_number": "794552211", "country": "GB", "postcode": "CR4 5ED", "town_or_city": "London", "street_address1": "Flat 52, blackball Street", "street_address2": null, "county": "UK", "date": "2021-12-07T14:50:40.423Z", "delivery_cost": "0.00", "order_total": "250.00", "grand_total": "250.00", "original_bag": "", "stripe_pid": ""}}, {"model": "checkout.order", "pk": 18, "fields": {"order_number": "69E7317162A4473488F9BEEDFE8C502B", "user_profile": null, "full_name": "Alex Johnson", "email": "alex_johnson@yahoo.com", "phone_number": "794552211", "country": "GB", "postcode": "CR4 5ED", "town_or_city": "London", "street_address1": "Flat 52, blackball Street", "street_address2": null, "county": "UK", "date": "2021-12-07T17:36:54.977Z", "delivery_cost": "0.00", "order_total": "155.00", "grand_total": "155.00", "original_bag": "", "stripe_pid": ""}}, {"model": "checkout.order", "pk": 19, "fields": {"order_number": "9DAA7F8E176F439AB39565B6B8370248", "user_profile": 1, "full_name": "Alex Johnson", "email": "alex_johnson@yahoo.com", "phone_number": "53 Millionaires Row", "country": "GB", "postcode": "CR4 5ED", "town_or_city": "London", "street_address1": "Flat 52, blackball Street", "street_address2": null, "county": "UK", "date": "2021-12-07T19:01:01.711Z", "delivery_cost": "0.00", "order_total": "970.00", "grand_total": "970.00", "original_bag": "", "stripe_pid": ""}}, {"model": "checkout.order", "pk": 20, "fields": {"order_number": "B81805F3115D4CE6B92016968052FF41", "user_profile": 1, "full_name": "Alex Johnson", "email": "alex_johnson@yahoo.com", "phone_number": "794552211", "country": "GB", "postcode": "CR4 5ED", "town_or_city": "London", "street_address1": "Flat 52, blackball Street", "street_address2": null, "county": "UK", "date": "2021-12-07T19:07:16.702Z", "delivery_cost": "0.00", "order_total": "155.00", "grand_total": "155.00", "original_bag": "", "stripe_pid": ""}}, {"model": "checkout.order", "pk": 21, "fields": {"order_number": "14733E2012FD4A5E884DB25EFFD3E2C9", "user_profile": 1, "full_name": "Alex Johnson", "email": "alex_johnson@yahoo.com", "phone_number": "794552211", "country": "GB", "postcode": "CR4 5ED", "town_or_city": "London", "street_address1": "Flat 52, blackball Street", "street_address2": null, "county": "UK", "date": "2021-12-07T19:18:08.897Z", "delivery_cost": "4.50", "order_total": "45.00", "grand_total": "49.50", "original_bag": "", "stripe_pid": ""}}, {"model": "checkout.order", "pk": 22, "fields": {"order_number": "E8C975847D674FF082DAD10F0077EE3B", "user_profile": 1, "full_name": "Alex Johnson", "email": "alex_johnson@yahoo.com", "phone_number": "794552211", "country": "GB", "postcode": "CR4 5ED", "town_or_city": "London", "street_address1": "Flat 52, blackball Street", "street_address2": null, "county": "UK", "date": "2021-12-07T19:39:13.230Z", "delivery_cost": "0.00", "order_total": "775.00", "grand_total": "775.00", "original_bag": "", "stripe_pid": ""}}, {"model": "checkout.order", "pk": 23, "fields": {"order_number": "D6DC79BBD2F645A8B1DD0FF71AAFA57A", "user_profile": 2, "full_name": "test", "email": "test@test.com", "phone_number": "test", "country": "GB", "postcode": "CR4 5ED", "town_or_city": "London", "street_address1": "test", "street_address2": null, "county": "UK", "date": "2021-12-07T19:58:37.608Z", "delivery_cost": "0.00", "order_total": "404.99", "grand_total": "404.99", "original_bag": "", "stripe_pid": ""}}, {"model": "checkout.order", "pk": 24, "fields": {"order_number": "34C26F4918B14FD4A0C6FBA2DADEE267", "user_profile": 2, "full_name": "test", "email": "test@test.com", "phone_number": "1234567896", "country": "LA", "postcode": "123456", "town_or_city": "Down Town", "street_address1": "45211", "street_address2": null, "county": "USA", "date": "2021-12-07T22:14:32.748Z", "delivery_cost": "0.00", "order_total": "150.00", "grand_total": "150.00", "original_bag": "", "stripe_pid": ""}}, {"model": "checkout.order", "pk": 25, "fields": {"order_number": "8D8039397294431EAD139007BFF626B8", "user_profile": null, "full_name": "alex", "email": "alex_johnson@yahoo.com", "phone_number": "794552211", "country": "GB", "postcode": "CR4 5ED", "town_or_city": "London", "street_address1": "Flat 52, blackball Street", "street_address2": null, "county": "UK", "date": "2021-12-08T17:58:30.562Z", "delivery_cost": "0.00", "order_total": "0.00", "grand_total": "0.00", "original_bag": "", "stripe_pid": ""}}, {"model": "checkout.order", "pk": 26, "fields": {"order_number": "592BB08E48E14109A4C912D89A7A527D", "user_profile": null, "full_name": "Alex Johnson", "email": "alex_johnson@yahoo.com", "phone_number": "794552211", "country": "GB", "postcode": "CR4 5ED", "town_or_city": "London", "street_address1": "Flat 52, blackball Street", "street_address2": null, "county": "UK", "date": "2021-12-08T19:04:19.482Z", "delivery_cost": "0.00", "order_total": "0.00", "grand_total": "0.00", "original_bag": "{\"66\": {\"items_by_size\": {\"9\": 1}}}", "stripe_pid": ""}}, {"model": "checkout.order", "pk": 27, "fields": {"order_number": "17B6A09EEF494AB38D5A38D6070683CD", "user_profile": 3, "full_name": "Alex Johnson", "email": "alex_johnson@yahoo.com", "phone_number": "794552211", "country": "GB", "postcode": "CR4 5ED", "town_or_city": "London", "street_address1": "Flat 52, blackball Street", "street_address2": null, "county": "UK", "date": "2021-12-08T19:05:11.851Z", "delivery_cost": "0.00", "order_total": "155.00", "grand_total": "155.00", "original_bag": "{\"66\": {\"items_by_size\": {\"9\": 1}}}", "stripe_pid": ""}}, {"model": "checkout.order", "pk": 28, "fields": {"order_number": "70E872EFC6FE4F0498438C80A2C80995", "user_profile": 3, "full_name": "Alex Johnson", "email": "alex_johnson@yahoo.com", "phone_number": "794552211", "country": "GB", "postcode": "CR4 5ED", "town_or_city": "London", "street_address1": "Flat 52, blackball Street", "street_address2": null, "county": "UK", "date": "2021-12-08T19:28:18.264Z", "delivery_cost": "0.00", "order_total": "155.00", "grand_total": "155.00", "original_bag": "{\"66\": {\"items_by_size\": {\"9\": 1}}}", "stripe_pid": ""}}, {"model": "checkout.order", "pk": 29, "fields": {"order_number": "AE3C78B748E043B0A2AEC961FC1D9F2D", "user_profile": 3, "full_name": "Meena Johnson", "email": "alex_johnson@yahoo.com", "phone_number": "794552211", "country": "GB", "postcode": "CR4 5ED", "town_or_city": "London", "street_address1": "Flat 52, blackball Street", "street_address2": null, "county": "UK", "date": "2021-12-08T19:39:43.468Z", "delivery_cost": "0.00", "order_total": "775.00", "grand_total": "775.00", "original_bag": "{\"66\": {\"items_by_size\": {\"m\": 5}}}", "stripe_pid": ""}}, {"model": "checkout.order", "pk": 30, "fields": {"order_number": "A2AD12E8B54F41BC9E5E8D32F63469FF", "user_profile": null, "full_name": "test", "email": "test@test.com", "phone_number": "123445", "country": "BH", "postcode": "124334", "town_or_city": "test", "street_address1": "test", "street_address2": "reee", "county": "us", "date": "2021-12-09T10:34:04.667Z", "delivery_cost": "3.50", "order_total": "35.00", "grand_total": "38.50", "original_bag": "{\"134\": {\"items_by_size\": {\"9\": 1}}}", "stripe_pid": ""}}, {"model": "checkout.order", "pk": 33, "fields": {"order_number": "101BF125B14E426EB9DA1F34068C589B", "user_profile": null, "full_name": "test", "email": "test@test.com", "phone_number": "1234567896", "country": "LA", "postcode": "123456", "town_or_city": "Down Town", "street_address1": "45211", "street_address2": null, "county": "USA", "date": "2021-12-09T11:40:40.862Z", "delivery_cost": "0.00", "order_total": "414.99", "grand_total": "414.99", "original_bag": "{\"66\": {\"items_by_size\": {\"9\": 1}}, \"37\": {\"items_by_size\": {\"9\": 1}}}", "stripe_pid": ""}}, {"model": "checkout.order", "pk": 37, "fields": {"order_number": "7D55D1AED95A437FAC9207B6FC9427CF", "user_profile": null, "full_name": "test", "email": "test@test.com", "phone_number": "1234567896", "country": "LA", "postcode": "123456", "town_or_city": "Down Town", "street_address1": "45211", "street_address2": null, "county": "USA", "date": "2021-12-09T11:51:03.583Z", "delivery_cost": "0.00", "order_total": "250.00", "grand_total": "250.00", "original_bag": "{\"46\": {\"items_by_size\": {\"9\": 1}}}", "stripe_pid": ""}}, {"model": "checkout.order", "pk": 38, "fields": {"order_number": "F56B9E3B057846BE9F71016AEA73EBB7", "user_profile": null, "full_name": "test", "email": "test@test.com", "phone_number": "123445", "country": "BH", "postcode": "124334", "town_or_city": "test", "street_address1": "test", "street_address2": "reee", "county": "us", "date": "2021-12-09T11:57:31.256Z", "delivery_cost": "4.50", "order_total": "45.00", "grand_total": "49.50", "original_bag": "{\"88\": {\"items_by_size\": {\"9\": 1}}}", "stripe_pid": ""}}, {"model": "checkout.order", "pk": 40, "fields": {"order_number": "51A22C99028D45919F5CEF5C2C62667F", "user_profile": null, "full_name": "test", "email": "test@test.com", "phone_number": "123445", "country": "BH", "postcode": "124334", "town_or_city": "test", "street_address1": "test", "street_address2": "reee", "county": "us", "date": "2021-12-09T12:00:40.272Z", "delivery_cost": "4.50", "order_total": "45.00", "grand_total": "49.50", "original_bag": "{\"88\": {\"items_by_size\": {\"9\": 1}}}", "stripe_pid": ""}}, {"model": "checkout.order", "pk": 43, "fields": {"order_number": "D042A5341BA24020B55CF4BCBF7E765B", "user_profile": null, "full_name": "test", "email": "test@test.com", "phone_number": "1234567896", "country": "LA", "postcode": "123456", "town_or_city": "Down Town", "street_address1": "45211", "street_address2": null, "county": "USA", "date": "2021-12-09T12:34:35.849Z", "delivery_cost": "0.00", "order_total": "155.00", "grand_total": "155.00", "original_bag": "{\"66\": {\"items_by_size\": {\"9\": 1}}}", "stripe_pid": "pi_3K4lpJAuV8rhSjQv0T0jMTxg"}}, {"model": "checkout.order", "pk": 44, "fields": {"order_number": "2A0DA0FCB5624E278E56B9F67CFE2782", "user_profile": 3, "full_name": "Matt", "email": "mattburrellmusic@gmail.com", "phone_number": "794552211", "country": "GB", "postcode": "CR4 5ED", "town_or_city": "London", "street_address1": "Flat 52, blackball Street", "street_address2": null, "county": "UK", "date": "2021-12-09T13:01:28.278Z", "delivery_cost": "4.50", "order_total": "45.00", "grand_total": "49.50", "original_bag": "{\"91\": {\"items_by_size\": {\"9\": 1}}}", "stripe_pid": "pi_3K4mFEAuV8rhSjQv0m0Igvfn"}}, {"model": "checkout.order", "pk": 45, "fields": {"order_number": "115E4F1BDF944896A18DCF735ED55A16", "user_profile": 1, "full_name": "Alex Johnson", "email": "alex_johnson@yahoo.com", "phone_number": "794552211", "country": "GB", "postcode": "CR4 5ED", "town_or_city": "London", "street_address1": "Flat 52, blackball Street", "street_address2": null, "county": "UK", "date": "2021-12-09T13:09:56.244Z", "delivery_cost": "0.00", "order_total": "210.00", "grand_total": "210.00", "original_bag": "{\"70\": {\"items_by_size\": {\"9\": 1}}}", "stripe_pid": "pi_3K4mNVAuV8rhSjQv0LjrXD1B"}}, {"model": "checkout.order", "pk": 46, "fields": {"order_number": "97AAD386B51048A9BD3998B0E4277F88", "user_profile": 1, "full_name": "test", "email": "test@test.com", "phone_number": "1234567896", "country": "LA", "postcode": "123456", "town_or_city": "Down Town", "street_address1": "45211", "street_address2": null, "county": "USA", "date": "2021-12-09T13:14:17.982Z", "delivery_cost": "0.00", "order_total": "420.00", "grand_total": "420.00", "original_bag": "{\"3\": {\"items_by_size\": {\"9\": 1}}}", "stripe_pid": "pi_3K4mRVAuV8rhSjQv1mZBHBSD"}}, {"model": "checkout.order", "pk": 47, "fields": {"order_number": "D33849C22D6C47D5BCC76219E94C7FEC", "user_profile": 1, "full_name": "Alex Johnson", "email": "alex_johnson@yahoo.com", "phone_number": "794552211", "country": "GB", "postcode": "CR4 5ED", "town_or_city": "London", "street_address1": "Flat 52, blackball Street", "street_address2": null, "county": "UK", "date": "2021-12-09T13:27:22.800Z", "delivery_cost": "4.50", "order_total": "45.00", "grand_total": "49.50", "original_bag": "{\"90\": {\"items_by_size\": {\"9\": 1}}}", "stripe_pid": "pi_3K4meNAuV8rhSjQv0bNPl8tZ"}}, {"model": "checkout.order", "pk": 48, "fields": {"order_number": "25D47B1D62DD4B3FB77D4D681A80CE29", "user_profile": null, "full_name": "test", "email": "test@test.com", "phone_number": "1234567896", "country": "LA", "postcode": "123456", "town_or_city": "Down Town", "street_address1": "45211", "street_address2": null, "county": "USA", "date": "2021-12-09T13:45:09.182Z", "delivery_cost": "0.00", "order_total": "155.00", "grand_total": "155.00", "original_bag": "{\"66\": {\"items_by_size\": {\"9\": 1}}}", "stripe_pid": "pi_3K4mvbAuV8rhSjQv0Cfk0tLZ"}}, {"model": "checkout.order", "pk": 49, "fields": {"order_number": "9C8DE2ADDEF54252979E0BE19D8566EA", "user_profile": null, "full_name": "Alex Johnson", "email": "alex_johnson@yahoo.com", "phone_number": "794552211", "country": "GB", "postcode": "CR4 5ED", "town_or_city": "London", "street_address1": "Flat 52, blackball Street", "street_address2": null, "county": "UK", "date": "2021-12-09T13:51:32.213Z", "delivery_cost": "0.00", "order_total": "155.00", "grand_total": "155.00", "original_bag": "{\"66\": {\"items_by_size\": {\"9\": 1}}}", "stripe_pid": "pi_3K4n1lAuV8rhSjQv1CKDg9jV"}}, {"model": "checkout.order", "pk": 50, "fields": {"order_number": "5EB9A9AE748948F1A1D90FD2EE873DA4", "user_profile": null, "full_name": "Alex Johnson", "email": "alex_johnson@yahoo.com", "phone_number": "794552211", "country": "GB", "postcode": "CR4 5ED", "town_or_city": "London", "street_address1": "Flat 52, blackball Street", "street_address2": null, "county": "UK", "date": "2021-12-09T18:23:50.438Z", "delivery_cost": "0.00", "order_total": "985.00", "grand_total": "985.00", "original_bag": "{\"66\": {\"items_by_size\": {\"9\": 1}}, \"14\": {\"items_by_size\": {\"9\": 1}}, \"18\": {\"items_by_size\": {\"9\": 1}}, \"36\": {\"items_by_size\": {\"9\": 1}}}", "stripe_pid": "pi_3K4rH0AuV8rhSjQv1yhkPzEN"}}, {"model": "checkout.order", "pk": 51, "fields": {"order_number": "B258D6A921FD4C22A79C581C0899744A", "user_profile": null, "full_name": "Alex Johnson", "email": "alex_johnson@yahoo.com", "phone_number": "794552211", "country": "GB", "postcode": "CR4 5ED", "town_or_city": "London", "street_address1": "Flat 52, blackball Street", "street_address2": null, "county": "UK", "date": "2021-12-09T18:25:21.872Z", "delivery_cost": "0.00", "order_total": "155.00", "grand_total": "155.00", "original_bag": "{\"66\": {\"items_by_size\": {\"9\": 1}}}", "stripe_pid": "pi_3K4rInAuV8rhSjQv0jGYQLUk"}}, {"model": "checkout.order", "pk": 52, "fields": {"order_number": "D2FD5EA181DC46288B0710862CC395FB", "user_profile": null, "full_name": "Alex Johnson", "email": "alex_johnson@yahoo.com", "phone_number": "794552211", "country": "GB", "postcode": "CR4 5ED", "town_or_city": "London", "street_address1": "Flat 52, blackball Street", "street_address2": null, "county": "UK", "date": "2021-12-09T18:26:43.279Z", "delivery_cost": "0.00", "order_total": "775.00", "grand_total": "775.00", "original_bag": "{\"66\": {\"items_by_size\": {\"9\": 5}}}", "stripe_pid": "pi_3K4rK5AuV8rhSjQv1cuQx5SM"}}, {"model": "checkout.order", "pk": 53, "fields": {"order_number": "BF3CD8629B954B5E92E185A472787BC0", "user_profile": null, "full_name": "Alex Johnson", "email": "alex_johnson@yahoo.com", "phone_number": "794552211", "country": "GB", "postcode": "CR4 5ED", "town_or_city": "London", "street_address1": "Flat 52, blackball Street", "street_address2": null, "county": "UK", "date": "2021-12-10T12:37:59.422Z", "delivery_cost": "0.00", "order_total": "3140.00", "grand_total": "3140.00", "original_bag": "{\"8\": {\"items_by_size\": {\"9\": 3}}, \"4\": {\"items_by_size\": {\"9\": 1}}, \"66\": {\"items_by_size\": {\"9\": 1}}}", "stripe_pid": "pi_3K58LiAuV8rhSjQv1wvkPxeR"}}, {"model": "checkout.order", "pk": 54, "fields": {"order_number": "402FF8DB670746469A39317BC79604BB", "user_profile": 1, "full_name": "Alex Johnson", "email": "alex_johnson@yahoo.com", "phone_number": "794552211", "country": "GB", "postcode": "CR4 5ED", "town_or_city": "London", "street_address1": "Flat 52, blackball Street", "street_address2": null, "county": "UK", "date": "2021-12-10T17:20:48.047Z", "delivery_cost": "0.00", "order_total": "1415.00", "grand_total": "1415.00", "original_bag": "{\"66\": {\"items_by_size\": {\"9\": 1}}, \"3\": {\"items_by_size\": {\"9\": 3}}}", "stripe_pid": "pi_3K5ClmAuV8rhSjQv1p31T9u2"}}, {"model": "checkout.order", "pk": 55, "fields": {"order_number": "EC9714BF1FB1499ABCD7C91DE5C76FE7", "user_profile": 3, "full_name": "David", "email": "mattburrellmusic@gmail.com", "phone_number": "794552211", "country": "GB", "postcode": "CR4 5ED", "town_or_city": "London", "street_address1": "Flat 52, blackball Street", "street_address2": null, "county": "UK", "date": "2021-12-17T17:12:07.237Z", "delivery_cost": "0.00", "order_total": "0.00", "grand_total": "0.00", "original_bag": "{\"5\": {\"items_by_size\": {\"9\": 1}}, \"3\": {\"items_by_size\": {\"9\": 1}}, \"2\": {\"items_by_size\": {\"9\": 1}}, \"4\": {\"items_by_size\": {\"9\": 1}}}", "stripe_pid": "pi_3K7jyBAuV8rhSjQv18aNl6so"}}, {"model": "checkout.order", "pk": 61, "fields": {"order_number": "0F1C7C08AC594173AB3C241801CE1B04", "user_profile": null, "full_name": "Alex Johnson", "email": "alex_johnson@yahoo.com", "phone_number": "794552211", "country": "GB", "postcode": "CR4 5ED", "town_or_city": "London", "street_address1": "Flat 52, blackball Street", "street_address2": null, "county": "UK", "date": "2022-01-14T11:53:51.818Z", "delivery_cost": "0.00", "order_total": "0.00", "grand_total": "0.00", "original_bag": "{\"7\": {\"items_by_size\": {\"9\": 2}}}", "stripe_pid": "pi_3KHoKtAuV8rhSjQv15ECUGgw"}}, {"model": "checkout.order", "pk": 62, "fields": {"order_number": "B4B0876585D24217A402E403E9E267F5", "user_profile": 3, "full_name": "Alex Johnson", "email": "alex_johnson@yahoo.com", "phone_number": "794552211", "country": "GB", "postcode": "CR4 5ED", "town_or_city": "London", "street_address1": "Flat 52, blackball Street", "street_address2": "Dagnall Street", "county": "UK", "date": "2022-01-26T07:57:11.516Z", "delivery_cost": "0.00", "order_total": "0.00", "grand_total": "0.00", "original_bag": "{\"70\": {\"items_by_size\": {\"9\": 1}}}", "stripe_pid": "pi_3KM6N1AuV8rhSjQv0SFZWlIf"}}, {"model": "checkout.orderlineitem", "pk": 1, "fields": {"order": 2, "product": 39, "product_clothes_size": "9", "product_shoe_size": "9", "quantity": 1, "lineitem_total": "259.99"}}, {"model": "checkout.orderlineitem", "pk": 2, "fields": {"order": 2, "product": 10, "product_clothes_size": "9", "product_shoe_size": "9", "quantity": 4, "lineitem_total": "1680.00"}}, {"model": "checkout.orderlineitem", "pk": 3, "fields": {"order": 2, "product": 70, "product_clothes_size": "9", "product_shoe_size": "9", "quantity": 2, "lineitem_total": "420.00"}}, {"model": "checkout.orderlineitem", "pk": 4, "fields": {"order": 2, "product": 89, "product_clothes_size": "9", "product_shoe_size": "9", "quantity": 6, "lineitem_total": "270.00"}}, {"model": "checkout.orderlineitem", "pk": 5, "fields": {"order": 2, "product": 12, "product_clothes_size": "9", "product_shoe_size": "9", "quantity": 1, "lineitem_total": "130.00"}}, {"model": "checkout.orderlineitem", "pk": 8, "fields": {"order": 4, "product": 38, "product_clothes_size": "9", "product_shoe_size": "9", "quantity": 1, "lineitem_total": "250.00"}}, {"model": "checkout.orderlineitem", "pk": 9, "fields": {"order": 4, "product": 39, "product_clothes_size": "9", "product_shoe_size": "9", "quantity": 1, "lineitem_total": "259.99"}}, {"model": "checkout.orderlineitem", "pk": 10, "fields": {"order": 5, "product": 9, "product_clothes_size": "9", "product_shoe_size": "9", "quantity": 1, "lineitem_total": "585.00"}}, {"model": "checkout.orderlineitem", "pk": 11, "fields": {"order": 5, "product": 36, "product_clothes_size": "9", "product_shoe_size": "9", "quantity": 1, "lineitem_total": "550.00"}}, {"model": "checkout.orderlineitem", "pk": 12, "fields": {"order": 6, "product": 10, "product_clothes_size": "9", "product_shoe_size": "9", "quantity": 1, "lineitem_total": "420.00"}}, {"model": "checkout.orderlineitem", "pk": 13, "fields": {"order": 6, "product": 9, "product_clothes_size": "9", "product_shoe_size": "9", "quantity": 1, "lineitem_total": "585.00"}}, {"model": "checkout.orderlineitem", "pk": 14, "fields": {"order": 6, "product": 12, "product_clothes_size": "9", "product_shoe_size": "9", "quantity": 1, "lineitem_total": "130.00"}}, {"model": "checkout.orderlineitem", "pk": 15, "fields": {"order": 6, "product": 62, "product_clothes_size": "9", "product_shoe_size": "9", "quantity": 1, "lineitem_total": "155.00"}}, {"model": "checkout.orderlineitem", "pk": 16, "fields": {"order": 7, "product": 6, "product_clothes_size": "9", "product_shoe_size": "9", "quantity": 1, "lineitem_total": "130.00"}}, {"model": "checkout.orderlineitem", "pk": 17, "fields": {"order": 8, "product": 7, "product_clothes_size": "9", "product_shoe_size": "9", "quantity": 1, "lineitem_total": "150.00"}}, {"model": "checkout.orderlineitem", "pk": 18, "fields": {"order": 9, "product": 37, "product_clothes_size": "9", "product_shoe_size": "9", "quantity": 1, "lineitem_total": "259.99"}}, {"model": "checkout.orderlineitem", "pk": 19, "fields": {"order": 9, "product": 66, "product_clothes_size": "9", "product_shoe_size": "9", "quantity": 1, "lineitem_total": "155.00"}}, {"model": "checkout.orderlineitem", "pk": 20, "fields": {"order": 9, "product": 7, "product_clothes_size": "9", "product_shoe_size": "9", "quantity": 1, "lineitem_total": "150.00"}}, {"model": "checkout.orderlineitem", "pk": 21, "fields": {"order": 9, "product": 94, "product_clothes_size": "9", "product_shoe_size": "9", "quantity": 1, "lineitem_total": "46.00"}}, {"model": "checkout.orderlineitem", "pk": 22, "fields": {"order": 10, "product": 2, "product_clothes_size": "9", "product_shoe_size": "9", "quantity": 1, "lineitem_total": "585.00"}}, {"model": "checkout.orderlineitem", "pk": 23, "fields": {"order": 10, "product": 70, "product_clothes_size": "9", "product_shoe_size": "9", "quantity": 1, "lineitem_total": "210.00"}}, {"model": "checkout.orderlineitem", "pk": 24, "fields": {"order": 11, "product": 7, "product_clothes_size": "9", "product_shoe_size": "9", "quantity": 1, "lineitem_total": "150.00"}}, {"model": "checkout.orderlineitem", "pk": 25, "fields": {"order": 11, "product": 66, "product_clothes_size": "9", "product_shoe_size": "9", "quantity": 1, "lineitem_total": "155.00"}}, {"model": "checkout.orderlineitem", "pk": 26, "fields": {"order": 12, "product": 7, "product_clothes_size": "9", "product_shoe_size": "9", "quantity": 1, "lineitem_total": "150.00"}}, {"model": "checkout.orderlineitem", "pk": 27, "fields": {"order": 13, "product": 8, "product_clothes_size": "9", "product_shoe_size": "9", "quantity": 1, "lineitem_total": "785.00"}}, {"model": "checkout.orderlineitem", "pk": 28, "fields": {"order": 14, "product": 7, "product_clothes_size": "9", "product_shoe_size": "9", "quantity": 1, "lineitem_total": "150.00"}}, {"model": "checkout.orderlineitem", "pk": 29, "fields": {"order": 14, "product": 6, "product_clothes_size": "9", "product_shoe_size": "9", "quantity": 1, "lineitem_total": "130.00"}}, {"model": "checkout.orderlineitem", "pk": 30, "fields": {"order": 15, "product": 14, "product_clothes_size": "9", "product_shoe_size": "9", "quantity": 1, "lineitem_total": "150.00"}}, {"model": "checkout.orderlineitem", "pk": 31, "fields": {"order": 16, "product": 21, "product_clothes_size": "9", "product_shoe_size": "9", "quantity": 1, "lineitem_total": "150.00"}}, {"model": "checkout.orderlineitem", "pk": 32, "fields": {"order": 16, "product": 38, "product_clothes_size": "9", "product_shoe_size": "9", "quantity": 1, "lineitem_total": "250.00"}}, {"model": "checkout.orderlineitem", "pk": 33, "fields": {"order": 16, "product": 39, "product_clothes_size": "9", "product_shoe_size": "9", "quantity": 1, "lineitem_total": "259.99"}}, {"model": "checkout.orderlineitem", "pk": 34, "fields": {"order": 17, "product": 7, "product_clothes_size": "9", "product_shoe_size": "9", "quantity": 1, "lineitem_total": "150.00"}}, {"model": "checkout.orderlineitem", "pk": 35, "fields": {"order": 17, "product": 89, "product_clothes_size": "9", "product_shoe_size": "9", "quantity": 1, "lineitem_total": "45.00"}}, {"model": "checkout.orderlineitem", "pk": 36, "fields": {"order": 17, "product": 99, "product_clothes_size": "9", "product_shoe_size": "9", "quantity": 1, "lineitem_total": "55.00"}}, {"model": "checkout.orderlineitem", "pk": 37, "fields": {"order": 18, "product": 73, "product_clothes_size": "9", "product_shoe_size": "9", "quantity": 1, "lineitem_total": "155.00"}}, {"model": "checkout.orderlineitem", "pk": 38, "fields": {"order": 19, "product": 10, "product_clothes_size": "9", "product_shoe_size": "9", "quantity": 1, "lineitem_total": "420.00"}}, {"model": "checkout.orderlineitem", "pk": 39, "fields": {"order": 19, "product": 36, "product_clothes_size": "9", "product_shoe_size": "9", "quantity": 1, "lineitem_total": "550.00"}}, {"model": "checkout.orderlineitem", "pk": 40, "fields": {"order": 20, "product": 66, "product_clothes_size": "9", "product_shoe_size": "9", "quantity": 1, "lineitem_total": "155.00"}}, {"model": "checkout.orderlineitem", "pk": 41, "fields": {"order": 21, "product": 91, "product_clothes_size": "9", "product_shoe_size": "9", "quantity": 1, "lineitem_total": "45.00"}}, {"model": "checkout.orderlineitem", "pk": 42, "fields": {"order": 22, "product": 128, "product_clothes_size": null, "product_shoe_size": null, "quantity": 1, "lineitem_total": "775.00"}}, {"model": "checkout.orderlineitem", "pk": 43, "fields": {"order": 23, "product": 66, "product_clothes_size": "9", "product_shoe_size": "9", "quantity": 1, "lineitem_total": "155.00"}}, {"model": "checkout.orderlineitem", "pk": 44, "fields": {"order": 23, "product": 40, "product_clothes_size": "9", "product_shoe_size": "9", "quantity": 1, "lineitem_total": "249.99"}}, {"model": "checkout.orderlineitem", "pk": 45, "fields": {"order": 24, "product": 22, "product_clothes_size": "9", "product_shoe_size": "9", "quantity": 1, "lineitem_total": "150.00"}}, {"model": "checkout.orderlineitem", "pk": 46, "fields": {"order": 27, "product": 66, "product_clothes_size": null, "product_shoe_size": null, "quantity": 1, "lineitem_total": "155.00"}}, {"model": "checkout.orderlineitem", "pk": 47, "fields": {"order": 28, "product": 66, "product_clothes_size": null, "product_shoe_size": "9", "quantity": 1, "lineitem_total": "155.00"}}, {"model": "checkout.orderlineitem", "pk": 48, "fields": {"order": 29, "product": 66, "product_clothes_size": "m", "product_shoe_size": "m", "quantity": 5, "lineitem_total": "775.00"}}, {"model": "checkout.orderlineitem", "pk": 49, "fields": {"order": 30, "product": 134, "product_clothes_size": "9", "product_shoe_size": "9", "quantity": 1, "lineitem_total": "35.00"}}, {"model": "checkout.orderlineitem", "pk": 50, "fields": {"order": 33, "product": 66, "product_clothes_size": "9", "product_shoe_size": "9", "quantity": 1, "lineitem_total": "155.00"}}, {"model": "checkout.orderlineitem", "pk": 51, "fields": {"order": 33, "product": 37, "product_clothes_size": "9", "product_shoe_size": "9", "quantity": 1, "lineitem_total": "259.99"}}, {"model": "checkout.orderlineitem", "pk": 52, "fields": {"order": 37, "product": 46, "product_clothes_size": "9", "product_shoe_size": "9", "quantity": 1, "lineitem_total": "250.00"}}, {"model": "checkout.orderlineitem", "pk": 53, "fields": {"order": 38, "product": 88, "product_clothes_size": "9", "product_shoe_size": "9", "quantity": 1, "lineitem_total": "45.00"}}, {"model": "checkout.orderlineitem", "pk": 54, "fields": {"order": 40, "product": 88, "product_clothes_size": "9", "product_shoe_size": "9", "quantity": 1, "lineitem_total": "45.00"}}, {"model": "checkout.orderlineitem", "pk": 55, "fields": {"order": 43, "product": 66, "product_clothes_size": "9", "product_shoe_size": "9", "quantity": 1, "lineitem_total": "155.00"}}, {"model": "checkout.orderlineitem", "pk": 56, "fields": {"order": 44, "product": 91, "product_clothes_size": "9", "product_shoe_size": "9", "quantity": 1, "lineitem_total": "45.00"}}, {"model": "checkout.orderlineitem", "pk": 57, "fields": {"order": 45, "product": 70, "product_clothes_size": "9", "product_shoe_size": "9", "quantity": 1, "lineitem_total": "210.00"}}, {"model": "checkout.orderlineitem", "pk": 58, "fields": {"order": 46, "product": 3, "product_clothes_size": "9", "product_shoe_size": "9", "quantity": 1, "lineitem_total": "420.00"}}, {"model": "checkout.orderlineitem", "pk": 59, "fields": {"order": 47, "product": 90, "product_clothes_size": "9", "product_shoe_size": "9", "quantity": 1, "lineitem_total": "45.00"}}, {"model": "checkout.orderlineitem", "pk": 60, "fields": {"order": 48, "product": 66, "product_clothes_size": "9", "product_shoe_size": "9", "quantity": 1, "lineitem_total": "155.00"}}, {"model": "checkout.orderlineitem", "pk": 61, "fields": {"order": 49, "product": 66, "product_clothes_size": "9", "product_shoe_size": "9", "quantity": 1, "lineitem_total": "155.00"}}, {"model": "checkout.orderlineitem", "pk": 62, "fields": {"order": 50, "product": 66, "product_clothes_size": "9", "product_shoe_size": "9", "quantity": 1, "lineitem_total": "155.00"}}, {"model": "checkout.orderlineitem", "pk": 63, "fields": {"order": 50, "product": 14, "product_clothes_size": "9", "product_shoe_size": "9", "quantity": 1, "lineitem_total": "150.00"}}, {"model": "checkout.orderlineitem", "pk": 64, "fields": {"order": 50, "product": 18, "product_clothes_size": "9", "product_shoe_size": "9", "quantity": 1, "lineitem_total": "130.00"}}, {"model": "checkout.orderlineitem", "pk": 65, "fields": {"order": 50, "product": 36, "product_clothes_size": "9", "product_shoe_size": "9", "quantity": 1, "lineitem_total": "550.00"}}, {"model": "checkout.orderlineitem", "pk": 66, "fields": {"order": 51, "product": 66, "product_clothes_size": "9", "product_shoe_size": "9", "quantity": 1, "lineitem_total": "155.00"}}, {"model": "checkout.orderlineitem", "pk": 67, "fields": {"order": 52, "product": 66, "product_clothes_size": "9", "product_shoe_size": "9", "quantity": 5, "lineitem_total": "775.00"}}, {"model": "checkout.orderlineitem", "pk": 68, "fields": {"order": 53, "product": 8, "product_clothes_size": "9", "product_shoe_size": "9", "quantity": 3, "lineitem_total": "2355.00"}}, {"model": "checkout.orderlineitem", "pk": 69, "fields": {"order": 53, "product": 4, "product_clothes_size": "9", "product_shoe_size": "9", "quantity": 1, "lineitem_total": "630.00"}}, {"model": "checkout.orderlineitem", "pk": 70, "fields": {"order": 53, "product": 66, "product_clothes_size": "9", "product_shoe_size": "9", "quantity": 1, "lineitem_total": "155.00"}}, {"model": "checkout.orderlineitem", "pk": 71, "fields": {"order": 54, "product": 66, "product_clothes_size": "9", "product_shoe_size": "9", "quantity": 1, "lineitem_total": "155.00"}}, {"model": "checkout.orderlineitem", "pk": 72, "fields": {"order": 54, "product": 3, "product_clothes_size": "9", "product_shoe_size": "9", "quantity": 3, "lineitem_total": "1260.00"}}, {"model": "checkout.orderlineitem", "pk": 73, "fields": {"order": 55, "product": 5, "product_clothes_size": "9", "product_shoe_size": "9", "quantity": 1, "lineitem_total": "130.00"}}, {"model": "checkout.orderlineitem", "pk": 74, "fields": {"order": 55, "product": 3, "product_clothes_size": "9", "product_shoe_size": "9", "quantity": 1, "lineitem_total": "420.00"}}, {"model": "checkout.orderlineitem", "pk": 75, "fields": {"order": 55, "product": 2, "product_clothes_size": "9", "product_shoe_size": "9", "quantity": 1, "lineitem_total": "585.00"}}, {"model": "checkout.orderlineitem", "pk": 76, "fields": {"order": 55, "product": 4, "product_clothes_size": "9", "product_shoe_size": "9", "quantity": 1, "lineitem_total": "630.00"}}, {"model": "checkout.orderlineitem", "pk": 86, "fields": {"order": 61, "product": 7, "product_clothes_size": "9", "product_shoe_size": "9", "quantity": 2, "lineitem_total": "300.00"}}, {"model": "checkout.orderlineitem", "pk": 87, "fields": {"order": 62, "product": 70, "product_clothes_size": "9", "product_shoe_size": "9", "quantity": 1, "lineitem_total": "210.00"}}, {"model": "profiles.userprofile", "pk": 1, "fields": {"user": 2, "default_phone_number": "794552211", "default_street_address1": "Flat 52, blackball Street", "default_street_address2": null, "default_town_or_city": "London", "default_county": "UK", "default_postcode": "CR4 5ED", "default_country": "GB"}}, {"model": "profiles.userprofile", "pk": 2, "fields": {"user": 3, "default_phone_number": "1234567896", "default_street_address1": "45211", "default_street_address2": null, "default_town_or_city": "Down Town", "default_county": "USA", "default_postcode": "123456", "default_country": "LA"}}, {"model": "profiles.userprofile", "pk": 3, "fields": {"user": 4, "default_phone_number": "794552211", "default_street_address1": "Flat 52, blackball Street", "default_street_address2": "Dagnall Street", "default_town_or_city": "London", "default_county": "UK", "default_postcode": "CR4 5ED", "default_country": "GB"}}, {"model": "profiles.userprofile", "pk": 4, "fields": {"user": 5, "default_phone_number": null, "default_street_address1": null, "default_street_address2": null, "default_town_or_city": null, "default_county": null, "default_postcode": null, "default_country": null}}]